state,state_fips,effective_date
Alabama,01,1995-10-01
Alaska,02,2001-09-01
Arizona,04,2001-08-01
Arkansas,05,2001-08-01
California,06,1990-01-01
Colorado,08,2004-07-01
Connecticut,09,2002-07-01
Delaware,10,2004-07-01
Florida,12,1994-01-01
Georgia,13,2001-07-01
Hawaii,15,1995-06-01
Idaho,16,1997-07-01
Illinois,17,1997-07-01
Indiana,18,2001-07-01
Iowa,19,2003-07-01
Kansas,20,1993-07-01
Kentucky,21,2000-10-01
Louisiana,22,2003-09-01
Maine,23,1988-08-01
Maryland,24,2001-09-01
Massachusetts,25,2003-06-01
Michigan,26,2003-09-01
Minnesota,27,2005-08-01
Mississippi,28,2002-07-01
Missouri,29,2001-09-01
Montana,30,2003-04-01
Nebraska,31,2001-09-01
Nevada,32,2003-09-01
New Hampshire,33,1994-01-01
New Jersey,34,2004-01-01
New Mexico,35,1994-01-01
New York,36,2003-07-01
North Carolina,37,1993-10-01
North Dakota,38,2003-08-01
Ohio,39,2003-06-01
Oklahoma,40,2001-07-01
Oregon,41,1983-10-01
Pennsylvania,42,2003-09-01
Rhode Island,44,2000-07-01
South Carolina,45,2003-08-01
South Dakota,46,2002-07-01
Tennessee,47,2003-07-01
Texas,48,1999-09-01
Utah,49,1983-08-01
Vermont,50,1991-07-01
Virginia,51,1994-07-01
Washington,53,1999-01-01
West Virginia,54,2004-05-01
Wisconsin,55,2003-09-01
Wyoming,56,2002-07-01
