Jurisdiction,Postal Code,FIPS Code,Policies as of,BAC Limit,Lower Age Limit,Upper Age Limit,Per Se,Notes,Citations Count,Citations,Juris Note,Row Note
Alabama,AL,1.0,1/1/2025,0.02,,21.0,1,,1 Citations,CS: Ala. Code § 32-5A-191,,
Alaska,AK,2.0,1/1/2025,0.0,14.0,21.0,1,,1 Citations,CS: Alaska Stat. § 28.35.280,,
Arizona,AZ,4.0,1/1/2025,0.0,,21.0,1,,2 Citations,"CS: Ariz. Rev. Stat. § 4-101

CS: Ariz. Rev. Stat. § 4-244",,
Arkansas,AR,5.0,1/1/2025,0.02,,21.0,1,,3 Citations,"EB: 2015 Ark. Acts 299, §§ 6, 13

CS: Ark. Code Ann. § 5-65-102

CS: Ark. Code Ann. § 5-65-302

CS: Ark. Code Ann. § 5-65-303",,
California,CA,6.0,1/1/2025,0.01,,21.0,1,,1 Citations,CS: Cal. Veh. Code § 23136,,
Colorado,CO,8.0,1/1/2025,0.02,,21.0,1,,1 Citations,CS: Colo. Rev. Stat. § 42-4-1301,,
Connecticut,CT,9.0,1/1/2025,0.02,,21.0,1,,1 Citations,CS: Conn. Gen. Stat. § 14-227g,,
Delaware,DE,10.0,1/1/2025,0.02,,21.0,1,,2 Citations,"EB: 139 Laws of Delaware 450 (1998)

CS: Del. Code Ann. tit. 21, § 4177L",,
District of Columbia,DC,11.0,1/1/2025,0.0,,21.0,1,"Juris Note: 

            Section designations in the District of Columbia Code were renumbered in connection with the publication of the D.C. Official Code, 2001 Edition.",4 Citations,"CS: D.C. Code Ann. § 50-2201.05

EB: 2000 D.C. Stat 13-238

CS: D.C. Code Ann. § 40-716

EB: 2012 D.C. Stat 19-266, §103

CS: D.C. Code Ann. § 50-2206.11

CS: D.C. Code Ann. § 50-2206.14

CS: D.C. Code Ann. § 50-2206.01","Section designations in the District of Columbia Code were renumbered in connection with the publication of the D.C. Official Code, 2001 Edition.",
Florida,FL,12.0,1/1/2025,0.02,,21.0,1,,1 Citations,CS: Fla. Stat. ch. 322.2616,,
Georgia,GA,13.0,1/1/2025,0.02,,21.0,1,,1 Citations,CS: Ga. Code Ann. § 40-6-391,,
Hawaii,HI,15.0,1/1/2025,0.02,,21.0,1,,4 Citations,"CS: Haw. Rev. Stat. § 291E-1

EB: 2000 Haw. Sess. Laws 189

EB: 2001 Haw. Sess. Laws 157

CS: Haw. Rev. Stat. § 291E-64

CS: Haw. Rev. Stat. § 291-4.3",,
Idaho,ID,16.0,1/1/2025,0.02,,21.0,1,,1 Citations,CS: Idaho Code § 18-8004,,
Illinois,IL,17.0,1/1/2025,0.0,,21.0,1,,1 Citations,CS: 625 Ill. Comp. Stat. 5/11-501.1,,
Indiana,IN,18.0,1/1/2025,0.02,,21.0,1,,1 Citations,CS: Ind. Code § 9-30-5-8.5,,
Iowa,IA,19.0,1/1/2025,0.02,,21.0,1,,1 Citations,CS: Iowa Code § 321J.2A,,
Kansas,KS,20.0,1/1/2025,0.02,,21.0,1,,1 Citations,CS: Kan. Stat. Ann. § 8-1567a,,
Kentucky,KY,21.0,1/1/2025,0.02,,21.0,1,,1 Citations,CS: Ky. Rev. Stat. Ann. § 189A.010,,
Louisiana,LA,22.0,1/1/2025,0.02,,21.0,1,,2 Citations,"CS: La. Rev. Stat. Ann. § 14:98.1

CS: La. Rev. Stat. Ann. § 14:98.6

EB: 2014 La. Acts 385, § 1",,
Maine,ME,23.0,1/1/2025,0.0,,21.0,1,,1 Citations,"CS: Me. Rev. Stat. Ann. tit. 29-A, § 2472",,
Maryland,MD,24.0,1/1/2025,0.0,,21.0,1,,2 Citations,"EB: 2001 Md. Laws 6

CS: Md. Code Ann., Transp. § 16-113",,
Massachusetts,MA,25.0,1/1/2025,0.02,,21.0,1,,2 Citations,"CS: Mass. Gen. Laws ch. 90, § 24P

CS: Mass. Gen. Laws ch. 90, § 24",,
Michigan,MI,26.0,1/1/2025,0.0,,21.0,1,,1 Citations,CS: Mich. Comp. Laws § 257.625,,
Minnesota,MN,27.0,1/1/2025,0.0,,21.0,1,,2 Citations,"CS: Minn. Stat. § 169A.33

EB: 2000 Minn. Laws 478

CS: Minn. Stat. § 169.1218",,
Mississippi,MS,28.0,1/1/2025,0.02,,21.0,1,,2 Citations,"CS: Miss. Code Ann. § 63-11-30

CS: Miss. Code Ann. § 67-1-81

EB: 1998 Miss. Laws 505",,
Missouri,MO,29.0,1/1/2025,0.02,,21.0,1,,1 Citations,CS: Mo. Rev. Stat. § 302.505,,
Montana,MT,30.0,1/1/2025,0.02,,21.0,1,,1 Citations,"CS: Mont. Code Ann. § 61-8-410

CS: Mont. Code Ann. §  61-8-1002",,
Nebraska,NE,31.0,1/1/2025,0.02,,21.0,1,,1 Citations,"CS: Neb. Rev. Stat. § 60-6,211.01",,
Nevada,NV,32.0,1/1/2025,0.02,,21.0,1,,1 Citations,"CS: Nev. Rev. Stat. § 483.461

CS: Nev. Rev. Stat. § 483.461",,
New Hampshire,NH,33.0,1/1/2025,0.02,,21.0,1,,2 Citations,"CS: N.H. Rev. Stat. Ann. § 265:82

CS: N.H. Rev. Stat. Ann. § 265-A:2

EB: 2006 N.H. Laws 260",,
New Jersey,NJ,34.0,1/1/2025,0.01,,21.0,1,,2 Citations,"CS: N.J. Rev. Stat. § 39:4-50.14

CS: N.J. Rev. Stat. § 9:17B-1

CS: N.J. Rev. Stat. § 39:4-50.14",,
New Mexico,NM,35.0,1/1/2025,0.02,,21.0,1,,1 Citations,CS: N.M. Stat. Ann. § 66-8-110,,
New York,NY,36.0,1/1/2025,0.02,,21.0,1,,1 Citations,CS: N.Y. Veh. & Traf. § 1192-a,,
North Carolina,NC,37.0,1/1/2025,0.0,,21.0,1,,1 Citations,CS: N.C. Gen. Stat. § 20-138.3,,
North Dakota,ND,38.0,1/1/2025,0.02,,21.0,1,,2 Citations,"CS: N.D. Cent. Code § 39-20-07

CS: N.D. Cent. Code § 39-08-01

CS: N.D. Cent. Code § 39-08-01

CS: N.D. Cent. Code § 39-20-07",,
Ohio,OH,39.0,1/1/2025,0.02,,21.0,1,,1 Citations,"CS: Ohio Rev. Code Ann. § 4511.19

CS: Ohio Rev. Code Ann. § 4511.19",,
Oklahoma,OK,40.0,1/1/2025,0.0,,21.0,1,,2 Citations,"EB: 2000 Okla. Sess. Laws 1ES 8

CS: Okla. Stat. tit. 47, § 6-106.4

CS: Okla. Stat. tit. 47, § 11-906.4",,
Oregon,OR,41.0,1/1/2025,0.0,,21.0,1,,1 Citations,CS: Or. Rev. Stat. § 813.300,,
Pennsylvania,PA,42.0,1/1/2025,0.0,,21.0,1,,1 Citations,CS: 75 Pa. Cons. Stat. § 3718,,
Rhode Island,RI,44.0,1/1/2025,0.02,,21.0,1,,2 Citations,"CS: R.I. Gen. Laws § 31-27-2.5

CS: R.I. Gen. Laws § 31-27-2.7",,
South Carolina,SC,45.0,1/1/2025,0.02,,21.0,1,,2 Citations,"CS: S.C. Code Ann. § 56-1-286

EB: 1998 S.C. Acts 434",,
South Dakota,SD,46.0,1/1/2025,0.02,,21.0,1,,2 Citations,"CS: S.D. Codified Laws § 32-23-21

EB: 1998 S.D. Laws 198",,
Tennessee,TN,47.0,1/1/2025,0.02,,21.0,1,,2 Citations,"EB: 2016 Tenn. Pub. Acts, 2nd Ex. Sess. Ch. 1, § 1

CS: Tenn. Code Ann. § 55-10-415",,
Texas,TX,48.0,1/1/2025,0.0,,21.0,1,,2 Citations,"CS: Tex. Alco. Bev. Code Ann. § 106.041

CS: Tex. Alco. Bev. Code Ann. § 106.01",,
Utah,UT,49.0,1/1/2025,0.0,,21.0,1,,1 Citations,CS: Utah Code Ann. § 53-3-231,,
Vermont,VT,50.0,1/1/2025,0.02,,21.0,1,,1 Citations,"CS: Vt. Stat. Ann. tit. 23, § 1216",,
Virginia,VA,51.0,1/1/2025,0.02,,21.0,1,,1 Citations,CS: Va. Code Ann. § 18.2-266.1,,
Washington,WA,53.0,1/1/2025,0.02,,21.0,1,,1 Citations,CS: Wash. Rev. Code § 46.61.503,,
West Virginia,WV,54.0,1/1/2025,0.02,,21.0,1,,1 Citations,"CS: W. Va. Code § 17C-5-2

CS: W. Va. Code § 17C-5-2",,
Wisconsin,WI,55.0,1/1/2025,0.0,,21.0,1,,2 Citations,"CS: Wis. Stat. § 346.63

CS: Wis. Stat. § 125.02",,
Wyoming,WY,56.0,1/1/2025,0.02,,21.0,1,,2 Citations,"CS: Wyo. Stat. Ann. § 31-5-234

EB: 1998 Wyo. Sess. Laws SP 102",,
United States,US,,1/1/2025,0.0,,,0,"Juris Note: 

            In 1995, Congress passed legislation to withhold a portion of Federal highway funds if a State did not adopt a 0.02 or lower BAC limit for underage drivers. In 1988, Congress offered supplemental grants to States that enacted BAC limits of 0.02 or less for underage drivers. For more information on these provisions, including citations and statutory language, please see the Federal Law page for this policy topic, on the About This Policy tab.",,,"In 1995, Congress passed legislation to withhold a portion of Federal highway funds if a State did not adopt a 0.02 or lower BAC limit for underage drivers. In 1988, Congress offered supplemental grants to States that enacted BAC limits of 0.02 or less for underage drivers. For more information on these provisions, including citations and statutory language, please see the Federal Law page for this policy topic, on the About This Policy tab.",
