Jurisdiction,Postal Code,FIPS Code,BAC Limit,EB_Year
Alabama,AL,1.0,0.08,
Alaska,AK,2.0,0.08,2001.0
Arizona,AZ,4.0,0.08,2001.0
Arkansas,AR,5.0,0.08,2001.0
California,CA,6.0,0.08,
Colorado,CO,8.0,0.08,2004.0
Connecticut,CT,9.0,0.08,2002.0
Delaware,DE,10.0,0.08,
District of Columbia,DC,11.0,0.08,2012.0
Florida,FL,12.0,0.08,
Georgia,GA,13.0,0.08,2001.0
Hawaii,HI,15.0,0.08,2000.0
Idaho,ID,16.0,0.08,
Illinois,IL,17.0,0.08,
Indiana,IN,18.0,0.08,2001.0
Iowa,IA,19.0,0.08,2003.0
Kansas,KS,20.0,0.08,
Kentucky,KY,21.0,0.08,2000.0
Louisiana,LA,22.0,0.08,2001.0
Maine,ME,23.0,0.08,
Maryland,MD,24.0,0.08,2001.0
Massachusetts,MA,25.0,0.08,2003.0
Michigan,MI,26.0,0.08,2003.0
Minnesota,MN,27.0,0.08,2004.0
Mississippi,MS,28.0,0.08,2002.0
Missouri,MO,29.0,0.08,2001.0
Montana,MT,30.0,0.08,2003.0
Nebraska,NE,31.0,0.08,2001.0
Nevada,NV,32.0,0.08,2003.0
New Hampshire,NH,33.0,0.08,2006.0
New Jersey,NJ,34.0,0.08,2003.0
New Mexico,NM,35.0,0.08,
New York,NY,36.0,0.08,2002.0
North Carolina,NC,37.0,0.08,
North Dakota,ND,38.0,0.08,2003.0
Ohio,OH,39.0,0.08,2003.0
Oklahoma,OK,40.0,0.08,2001.0
Oregon,OR,41.0,0.08,
Pennsylvania,PA,42.0,0.08,2003.0
Rhode Island,RI,44.0,0.08,2000.0
South Carolina,SC,45.0,0.08,2003.0
South Dakota,SD,46.0,0.08,2002.0
Tennessee,TN,47.0,0.08,2002.0
Texas,TX,48.0,0.08,1999.0
Utah,UT,49.0,0.05,2005.0
Vermont,VT,50.0,0.08,
Virginia,VA,51.0,0.08,
Washington,WA,53.0,0.08,1998.0
West Virginia,WV,54.0,0.08,2004.0
Wisconsin,WI,55.0,0.08,2003.0
Wyoming,WY,56.0,0.08,2002.0
United States,US,,0.0,
