id,name
106,Alabama
107,Alaska
108,Arizona
109,Arkansas
110,California
111,Colorado
112,Connecticut
113,Delaware
114,District of Columbia
115,Florida
116,Georgia
117,Hawaii
118,Idaho
119,Illinois
120,Indiana
121,Iowa
122,Kansas
123,Kentucky
124,Louisiana
125,Maine
126,Maryland
127,Massachusetts
128,Michigan
129,Minnesota
130,Mississippi
131,Missouri
132,Montana
133,Nebraska
134,Nevada
135,New Hampshire
136,New Jersey
137,New Mexico
138,New York
139,North Carolina
140,North Dakota
141,Ohio
142,Oklahoma
143,Oregon
144,Pennsylvania
145,Rhode Island
146,South Carolina
147,South Dakota
148,Tennessee
149,Texas
150,Utah
151,Vermont
152,Virginia
153,Washington
154,West Virginia
155,Wisconsin
156,Wyoming
157,United States
