﻿"Jurisdiction","Postal Code","FIPS Code","Policies as of","BAC Limit","Per Se","Notes","Citations Count","Citations","Juris Note","Row Note"
"Alabama","AL","01","1/1/2025","0.08","1","","1 Citations","CS: Ala. Code § 32-5A-191","",""
"Alaska","AK","02","1/1/2025","0.08","1","","2 Citations","EB: 2001 Alaska Sess. Laws 63

CS: Alaska Stat. § 28.35.030","",""
"Arizona","AZ","04","1/1/2025","0.08","1","","2 Citations","EB: 2001 Ariz. Sess. Laws 95

CS: Ariz. Rev. Stat. § 28-1381","",""
"Arkansas","AR","05","1/1/2025","0.08","1","","2 Citations","EB: 2001 Ark. Acts 561

CS: Ark. Code Ann. § 5-65-103","",""
"California","CA","06","1/1/2025","0.08","1","","1 Citations","CS: Cal. Veh. Code § 23152","",""
"Colorado","CO","08","1/1/2025","0.08","1","","2 Citations","EB: 2004 Colo. Sess. Laws 236

CS: Colo. Rev. Stat. § 42-4-1301","",""
"Connecticut","CT","09","1/1/2025","0.08","1","","2 Citations","EB: 2002 Conn. Acts 1SS 1

CS: Conn. Gen. Stat. § 14-227a","",""
"Delaware","DE","10","1/1/2025","0.08","1","","2 Citations","EB: 142 Laws of Delaware 1SS 333 (2004)

CS: Del. Code Ann. tit. 21, § 4177","",""
"District of Columbia","DC","11","1/1/2025","0.08","1","Juris Note: 

            Section designations in the District of Columbia Code were renumbered in connection with the publication of the D.C. Official Code, 2001 Edition.","5 Citations","EB: 2012 D.C. Stat 19-266, §103

CS: D.C. Code Ann. § 50-2201.05

EB: 1998 D.C. Stat 12-212

CS: D.C. Code Ann. § 50-2206.01

CS: D.C. Code Ann. § 50-2206.11

CS: D.C. Code Ann. § 50-2206.14

CS: D.C. Code Ann. § 50-2206.51","Section designations in the District of Columbia Code were renumbered in connection with the publication of the D.C. Official Code, 2001 Edition.",""
"Florida","FL","12","1/1/2025","0.08","1","","1 Citations","CS: Fla. Stat. ch. 316.193","",""
"Georgia","GA","13","1/1/2025","0.08","1","","2 Citations","CS: Ga. Code Ann. § 40-6-391

EB: 2001 Ga. Laws 161","",""
"Hawaii","HI","15","1/1/2025","0.08","1","","2 Citations","CS: Haw. Rev. Stat. § 291E-61

EB: 2000 Haw. Sess. Laws 189

CS: Haw. Rev. Stat. § 291-4","",""
"Idaho","ID","16","1/1/2025","0.08","1","","1 Citations","CS: Idaho Code § 18-8004","",""
"Illinois","IL","17","1/1/2025","0.08","1","","1 Citations","CS: 625 Ill. Comp. Stat. 5/11-501","",""
"Indiana","IN","18","1/1/2025","0.08","1","","2 Citations","EB: 2001 Ind. Acts 175

CS: Ind. Code § 9-30-5-1","",""
"Iowa","IA","19","1/1/2025","0.08","1","","2 Citations","CS: Iowa Code § 321J.2

EB: 2003 Iowa Acts 60","",""
"Kansas","KS","20","1/1/2025","0.08","1","","1 Citations","CS: Kan. Stat. Ann. § 8-1567","",""
"Kentucky","KY","21","1/1/2025","0.08","1","","2 Citations","CS: Ky. Rev. Stat. Ann. § 189A.010

EB: 2000 Ky. Acts RS 467","",""
"Louisiana","LA","22","1/1/2025","0.08","1","","2 Citations","EB: 2001 La. Acts 781

CS: La. Rev. Stat. Ann. § 14:98","",""
"Maine","ME","23","1/1/2025","0.08","1","","1 Citations","CS: Me. Rev. Stat. Ann. tit. 29-A, § 2411","",""
"Maryland","MD","24","1/1/2025","0.08","1","","3 Citations","EB: 2001 Md. Laws 4

EB: 2001 Md. Laws 5

EB: 2005 Md. Laws 25

CS: Md. Code Ann., Transp. § 21-902

CS: Md. Code Ann., Transp. § 11-127.1

CS: Md. Ann. Code, Transportation, § 11-174.1","",""
"Massachusetts","MA","25","1/1/2025","0.08","1","","2 Citations","CS: Mass. Gen. Laws ch. 90, § 24

EB: 2003 Mass. Acts 28","",""
"Michigan","MI","26","1/1/2025","0.08","1","","2 Citations","EB: 2003 Mich. Pub. Acts 61

CS: Mich. Comp. Laws § 257.625","",""
"Minnesota","MN","27","1/1/2025","0.08","1","","2 Citations","EB: 2004 Minn. Laws 283

CS: Minn. Stat. § 169A.20","",""
"Mississippi","MS","28","1/1/2025","0.08","1","","2 Citations","CS: Miss. Code Ann. § 63-11-30

EB: 2002 Miss. Laws 367","",""
"Missouri","MO","29","1/1/2025","0.08","1","","2 Citations","CS: Mo. Rev. Stat. § 577.012

EB: 2001 Mo. Laws 38","",""
"Montana","MT","30","1/1/2025","0.08","1","","2 Citations","CS: Mont. Code Ann. § 61-8-406

CS: Mont. Code Ann. § 61-8-1002

EB: 2003 Mont. Laws 329","",""
"Nebraska","NE","31","1/1/2025","0.08","1","","3 Citations","CS: Neb. Rev. Stat. § 60-6,196

EB: 2001 Neb. Laws 166

EB: 2001 Neb. Laws 773","",""
"Nevada","NV","32","1/1/2025","0.08","1","","2 Citations","CS: Nev. Rev. Stat. § 484.379

EB: 2003 Nev. Stat. 421

CS: Nev. Rev. Stat. § 484C.110","",""
"New Hampshire","NH","33","1/1/2025","0.08","1","","2 Citations","CS: N.H. Rev. Stat. Ann. § 265:82

CS: N.H. Rev. Stat. Ann. § 265-A:2

EB: 2006 N.H. Laws 260","",""
"New Jersey","NJ","34","1/1/2025","0.08","1","","3 Citations","EB: 2003 N.J. Laws 314

EB: 2003 N.J. Laws 315

CS: N.J. Rev. Stat. § 39:4-50","",""
"New Mexico","NM","35","1/1/2025","0.08","1","","1 Citations","CS: N.M. Stat. Ann. § 66-8-102","",""
"New York","NY","36","1/1/2025","0.08","1","","3 Citations","CS: N.Y. Veh. & Traf. § 1192

EB: 2002 N.Y. Laws 3

EB: 2003 N.Y. Laws 62","",""
"North Carolina","NC","37","1/1/2025","0.08","1","","1 Citations","CS: N.C. Gen. Stat. § 20-138.1","",""
"North Dakota","ND","38","1/1/2025","0.08","1","","2 Citations","CS: N.D. Cent. Code § 39-08-01

EB: 2003 N.D. Laws 316","",""
"Ohio","OH","39","1/1/2025","0.08","1","","2 Citations","CS: Ohio Rev. Code Ann. § 4511.19

EB: 2003 Ohio Laws 2","",""
"Oklahoma","OK","40","1/1/2025","0.08","1","","2 Citations","EB: 2001 Okla. Sess. Laws 437

CS: Okla. Stat. tit. 47, § 11-902","",""
"Oregon","OR","41","1/1/2025","0.08","1","","1 Citations","CS: Or. Rev. Stat. § 813.010","",""
"Pennsylvania","PA","42","1/1/2025","0.08","1","","2 Citations","CS: 75 Pa. Cons. Stat. § 3731

EB: 2003 Pa. Laws 24

CS: 75 Pa. Cons. Stat. § 3802","",""
"Rhode Island","RI","44","1/1/2025","0.08","1","","3 Citations","CS: R.I. Gen. Laws § 31-27-2

EB: 2000 R.I. Pub. Laws 168

EB: 2000 R.I. Pub. Laws 264","",""
"South Carolina","SC","45","1/1/2025","0.08","1","","2 Citations","CS: S.C. Code Ann. § 56-5-2933

EB: 2003 S.C. Acts 61","",""
"South Dakota","SD","46","1/1/2025","0.08","1","","2 Citations","CS: S.D. Codified Laws § 32-23-1

EB: 2002 S.D. Laws 160","",""
"Tennessee","TN","47","1/1/2025","0.08","1","","2 Citations","CS: Tenn. Code Ann. § 55-10-401

EB: 2002 Tenn. Pub. Acts 855","",""
"Texas","TX","48","1/1/2025","0.08","1","","3 Citations","CS: Tex. Penal Code Ann. § 49.01

EB: 1999 Tex. Gen. Laws 234

CS: Tex. Penal Code Ann. § 49.04","",""
"Utah","UT","49","1/1/2025","0.05","1","","3 Citations","CS: Utah Code Ann. § 41-6-44

CS: Utah Code Ann. § 41-6a-502

EB: 2005 Utah Laws 2

EB: 2018 Utah Laws 283, §3","",""
"Vermont","VT","50","1/1/2025","0.08","1","","1 Citations","CS: Vt. Stat. Ann. tit. 23, § 1201","",""
"Virginia","VA","51","1/1/2025","0.08","1","","1 Citations","CS: Va. Code Ann. § 18.2-266","",""
"Washington","WA","53","1/1/2025","0.08","1","","2 Citations","CS: Wash. Rev. Code § 46.61.502

EB: 1998 Wash. Laws 213","",""
"West Virginia","WV","54","1/1/2025","0.08","1","","2 Citations","CS: W. Va. Code § 17C-5-2

EB: 2004 W. Va. Acts 87","",""
"Wisconsin","WI","55","1/1/2025","0.08","1","","3 Citations","CS: Wis. Stat. § 340.01

CS: Wis. Stat. § 346.63

EB: 2003-04 Wis. Laws 30","",""
"Wyoming","WY","56","1/1/2025","0.08","1","","2 Citations","CS: Wyo. Stat. Ann. § 31-5-233

EB: 2002 Wyo. Sess. Laws 61","",""
"United States","US","","1/1/2025","0","0","Juris Note: 

            The BAC limit for federal lands varies depending on the location of the property and the entity that regulates it. Additional relevant Federal law relates a requirement that each State pass a per se 0.08 BAC limit or lose a portion of Federal highway funds beginning in fiscal year 2004, and an incentive grant program for States that move toward adoption and enforcement of stricter BAC laws. For more information on these provisions, including citations and relevant statutory and regulatory language, please see the Federal Law page for this policy topic, on the About This Policy tab.","","","The BAC limit for federal lands varies depending on the location of the property and the entity that regulates it. Additional relevant Federal law relates a requirement that each State pass a per se 0.08 BAC limit or lose a portion of Federal highway funds beginning in fiscal year 2004, and an incentive grant program for States that move toward adoption and enforcement of stricter BAC laws. For more information on these provisions, including citations and relevant statutory and regulatory language, please see the Federal Law page for this policy topic, on the About This Policy tab.",""
