person_id,age_years,days_from_21,over_21,mortality_rate,male,income
1,20.241,-277,0,1.211,0,43869
2,20.286,-261,0,1.693,1,28569
3,20.008,-362,0,3.193,0,17220
4,22.314,480,1,2.636,0,33945
5,21.888,324,1,4.044,1,19863
6,19.128,-684,0,1.684,0,20497
7,19.639,-497,0,1.695,1,18731
8,19.292,-624,0,1.52,1,19439
9,20.499,-183,0,2.04,0,22691
10,22.14,416,1,3.744,1,22136
11,19.608,-508,0,0.642,1,33354
12,19.371,-595,0,1.81,0,26461
13,20.422,-211,0,2.628,0,32087
14,19.853,-419,0,1.987,0,18425
15,22.228,449,1,2.232,1,29355
16,21.352,129,1,1.745,0,36645
17,19.416,-579,0,0.708,0,25195
18,19.072,-704,0,0.462,1,19182
19,19.82,-431,0,-0.267,1,32276
20,19.777,-447,0,3.019,0,28185
21,21.981,358,1,4.086,0,34765
22,21.696,254,1,3.252,1,27204
23,19.502,-547,0,0.887,0,24880
24,19.177,-666,0,2.008,0,32959
25,21.43,157,1,2.589,1,14713
26,20.99,-4,0,0.867,1,27874
27,19.942,-386,0,1.253,0,17726
28,19.388,-589,0,0.286,0,20031
29,20.967,-12,0,3.742,0,28036
30,20.813,-68,0,2.099,0,27000
31,22.281,468,1,1.593,1,16119
32,22.026,375,1,2.517,1,22200
33,22.05,383,1,1.248,1,29620
34,21.047,17,1,2.562,1,23012
35,21.086,31,1,1.01,1,18638
36,22.851,676,1,3.415,0,13935
37,22.176,430,1,2.548,1,28771
38,22.998,730,1,2.679,0,48949
39,20.103,-328,0,1.38,0,15157
40,21.689,251,1,1.219,1,22601
41,20.977,-9,0,2.694,0,33799
42,19.531,-536,0,1.515,0,27953
43,20.186,-297,0,0.926,0,25947
44,19.531,-537,0,1.625,0,20002
45,22.239,452,1,2.696,0,23001
46,22.731,632,1,1.444,1,14004
47,22.07,391,1,2.036,0,25235
48,22.828,668,1,2.901,0,26671
49,21.017,6,1,3.476,0,28204
50,21.86,314,1,2.478,1,28922
51,22.602,585,1,3.291,0,16457
52,19.182,-664,0,1.8,1,29386
53,20.65,-128,0,0.678,1,17482
54,19.174,-667,0,2.496,0,19403
55,20.495,-185,0,1.753,1,5659
56,20.454,-200,0,1.487,1,12658
57,19.289,-625,0,2.535,1,25330
58,21.268,98,1,1.223,1,12328
59,20.281,-263,0,1.613,0,19207
60,20.644,-130,0,3.347,0,10988
61,22.752,640,1,3.914,0,32373
62,22.236,451,1,3.239,0,3852
63,19.715,-470,0,2.267,0,23441
64,21.511,187,1,2.676,0,21040
65,21.862,315,1,1.091,1,19215
66,20.121,-321,0,1.892,0,21902
67,22.185,433,1,2.479,0,13764
68,22.967,718,1,2.503,0,14801
69,21.156,57,1,2.323,1,20748
70,21.353,129,1,0.586,0,18825
71,19.795,-440,0,1.831,0,30924
72,22.338,489,1,3.186,0,16201
73,20.308,-253,0,2.645,1,27224
74,20.922,-28,0,2.524,1,28275
75,19.696,-476,0,0.136,0,18192
76,22.621,592,1,3.939,0,26197
77,21.108,39,1,4.0,0,32742
78,20.467,-195,0,0.176,0,17881
79,20.341,-241,0,1.842,0,27960
80,21.151,55,1,2.57,0,36853
81,19.54,-533,0,2.309,1,25142
82,21.078,29,1,1.463,0,29752
83,22.82,665,1,3.508,0,17202
84,20.312,-251,0,2.07,1,20783
85,19.855,-418,0,0.497,0,32971
86,21.282,103,1,2.711,0,24051
87,20.665,-122,0,3.136,0,32166
88,19.543,-532,0,1.952,0,34097
89,19.321,-613,0,0.333,0,34812
90,22.929,705,1,2.985,0,23019
91,19.377,-593,0,-0.335,0,33401
92,21.628,229,1,2.196,0,31667
93,19.52,-541,0,1.56,1,28512
94,22.461,534,1,2.66,1,13946
95,21.997,364,1,1.171,1,38463
96,22.159,423,1,2.806,1,28852
97,20.472,-193,0,3.341,1,40214
98,20.499,-183,0,1.703,0,26768
99,21.664,243,1,0.758,0,17651
100,20.126,-319,0,1.427,1,31392
101,21.14,51,1,2.408,0,23903
102,19.875,-411,0,2.646,1,17231
103,22.951,713,1,3.557,1,18595
104,22.261,461,1,1.733,0,38459
105,22.701,621,1,1.311,1,21336
106,22.81,661,1,3.391,0,26728
107,22.935,707,1,2.794,1,24733
108,22.304,476,1,2.549,1,40255
109,20.956,-16,0,2.12,0,27016
110,21.051,19,1,2.484,1,25252
111,19.283,-627,0,1.203,1,14649
112,20.685,-115,0,1.139,0,13271
113,19.809,-435,0,1.875,0,20180
114,19.549,-530,0,2.522,0,22347
115,19.072,-704,0,1.032,0,33273
116,22.554,568,1,0.828,0,17828
117,20.987,-5,0,0.806,0,15224
118,20.238,-278,0,3.189,0,33191
119,20.41,-215,0,2.961,0,15379
120,20.488,-187,0,1.82,0,23762
121,20.508,-180,0,2.153,0,28025
122,21.588,215,1,2.319,0,28852
123,21.721,263,1,3.071,0,26989
124,22.362,497,1,2.572,0,27614
125,20.615,-141,0,1.76,0,18448
126,21.99,361,1,1.552,0,13090
127,21.19,69,1,2.342,1,24103
128,21.35,128,1,1.951,1,28352
129,21.735,268,1,3.817,1,10828
130,22.521,555,1,1.131,0,27291
131,19.548,-530,0,1.519,0,12346
132,21.985,360,1,2.671,1,7731
133,21.122,45,1,1.554,0,21559
134,20.575,-155,0,2.15,1,10877
135,19.005,-729,0,0.968,0,10829
136,19.629,-501,0,3.008,1,25057
137,21.876,320,1,2.907,1,22983
138,20.593,-149,0,1.33,0,26312
139,19.393,-587,0,1.035,0,37435
140,19.172,-668,0,1.744,0,21245
141,19.314,-616,0,1.406,0,9249
142,19.548,-531,0,0.857,0,6139
143,20.769,-84,0,2.993,1,20944
144,19.799,-439,0,2.136,0,32985
145,20.211,-288,0,2.045,1,17077
146,19.126,-685,0,0.047,0,12365
147,22.633,596,1,1.803,1,38244
148,21.722,264,1,3.087,0,29984
149,21.239,87,1,1.83,1,17170
150,19.977,-374,0,0.713,1,25140
151,19.543,-532,0,2.027,1,24211
152,21.01,4,1,2.836,1,13499
153,20.387,-224,0,1.302,1,31958
154,20.23,-281,0,2.171,0,16129
155,20.132,-317,0,2.393,0,13620
156,21.322,118,1,2.44,0,21761
157,20.852,-54,0,0.82,0,32834
158,21.28,102,1,2.295,1,10882
159,20.711,-106,0,0.979,0,27956
160,22.19,434,1,2.234,0,32310
161,21.322,118,1,1.914,1,18300
162,19.191,-661,0,0.214,0,40546
163,20.849,-55,0,0.758,0,28999
164,20.264,-269,0,1.185,0,33991
165,21.636,232,1,2.62,0,31148
166,21.135,49,1,2.495,1,24105
167,22.52,555,1,1.965,0,36933
168,20.195,-294,0,2.237,0,31754
169,19.15,-676,0,2.004,0,22212
170,21.613,224,1,1.518,1,17279
171,21.174,63,1,2.613,0,30247
172,21.841,307,1,4.063,1,32780
173,21.831,304,1,2.773,1,31568
174,22.125,411,1,2.483,1,37439
175,21.407,149,1,2.891,1,27781
176,19.976,-374,0,1.598,1,25227
177,21.857,313,1,0.828,0,22780
178,19.431,-573,0,1.092,1,32577
179,20.968,-12,0,2.858,0,31992
180,22.446,528,1,3.977,0,24183
181,22.208,441,1,4.65,1,51793
182,22.771,647,1,2.456,0,19523
183,21.063,23,1,2.106,0,39504
184,19.256,-637,0,1.168,1,17545
185,22.264,462,1,2.383,0,26293
186,22.338,489,1,4.576,0,26641
187,19.629,-501,0,0.548,0,15298
188,19.501,-548,0,2.216,1,9419
189,22.271,464,1,2.295,1,23675
190,21.957,350,1,4.41,0,17409
191,19.469,-559,0,2.963,0,32976
192,20.312,-251,0,1.713,0,24337
193,20.574,-156,0,2.678,1,14286
194,20.778,-81,0,2.864,0,27844
195,20.489,-187,0,1.581,0,24967
196,20.228,-282,0,1.505,1,21813
197,22.054,385,1,3.619,1,19673
198,22.75,639,1,2.75,1,8196
199,19.677,-483,0,1.234,0,28901
200,20.712,-105,0,2.32,1,31728
201,21.716,262,1,1.717,0,5389
202,20.565,-159,0,2.162,1,26011
203,20.589,-150,0,2.518,1,11344
204,21.465,170,1,4.015,0,39839
205,22.541,563,1,3.708,1,26323
206,20.324,-247,0,3.375,0,36876
207,21.358,131,1,2.013,1,16173
208,21.654,239,1,2.194,0,18300
209,20.409,-216,0,2.01,1,33120
210,19.064,-707,0,2.841,1,25075
211,19.71,-471,0,2.112,0,26506
212,20.189,-296,0,1.759,1,28742
213,22.128,412,1,2.161,0,11636
214,22.348,492,1,2.974,0,17798
215,20.493,-185,0,2.384,1,36168
216,20.147,-312,0,0.348,0,22675
217,22.596,583,1,3.042,0,21410
218,20.06,-343,0,0.966,0,26323
219,19.283,-627,0,1.689,0,27850
220,21.716,262,1,1.505,1,13374
221,20.87,-48,0,1.288,0,34342
222,19.213,-653,0,0.247,0,24908
223,20.018,-359,0,0.444,0,28465
224,21.503,184,1,2.071,1,20499
225,19.535,-535,0,3.069,0,24306
226,22.291,472,1,2.197,1,15613
227,22.563,571,1,1.468,1,21462
228,22.839,672,1,3.881,1,38006
229,19.778,-446,0,0.823,0,24937
230,22.215,444,1,4.374,1,23530
231,20.589,-150,0,2.121,0,12982
232,20.111,-325,0,0.468,0,19394
233,19.394,-587,0,1.784,0,42786
234,20.108,-326,0,2.333,1,18280
235,19.819,-432,0,1.056,0,28355
236,19.243,-642,0,0.974,1,30381
237,19.672,-485,0,0.965,0,19635
238,21.841,307,1,4.371,0,20414
239,22.638,598,1,3.702,0,31055
240,20.29,-259,0,2.053,1,25400
241,21.956,349,1,2.894,0,20229
242,22.66,606,1,1.855,1,27921
243,22.902,695,1,2.881,0,21905
244,21.469,171,1,2.688,0,32980
245,22.039,379,1,5.15,0,15601
246,20.678,-117,0,1.506,0,16139
247,19.062,-708,0,0.296,1,29957
248,20.979,-8,0,1.65,1,19999
249,20.824,-64,0,2.135,1,37323
250,21.583,213,1,2.758,1,18262
251,22.25,456,1,1.591,0,12620
252,22.985,725,1,2.149,0,21985
253,22.932,706,1,4.036,0,26326
254,22.322,483,1,2.197,0,21073
255,19.594,-514,0,0.94,0,26750
256,22.576,576,1,2.933,1,27355
257,22.203,439,1,4.035,0,20195
258,22.693,618,1,2.555,0,43406
259,19.14,-679,0,1.757,0,38760
260,22.118,408,1,2.077,0,30239
261,22.165,426,1,3.507,0,13905
262,20.164,-306,0,1.848,0,14182
263,19.273,-631,0,-0.043,0,22086
264,22.761,643,1,3.194,0,26425
265,20.537,-169,0,2.267,1,18682
266,20.527,-173,0,0.475,1,34216
267,19.352,-602,0,1.994,1,31961
268,22.955,714,1,3.583,1,23319
269,20.31,-252,0,1.568,0,22752
270,19.74,-460,0,1.608,0,43288
271,22.497,547,1,2.344,0,8464
272,20.069,-340,0,0.033,0,42582
273,19.132,-682,0,1.06,1,18390
274,22.796,656,1,3.7,1,39748
275,20.751,-91,0,1.544,0,24691
276,20.666,-122,0,1.426,0,21806
277,21.636,232,1,2.189,1,25663
278,20.17,-303,0,2.083,1,24621
279,20.691,-113,0,2.084,1,30116
280,21.91,332,1,1.646,0,27281
281,21.085,31,1,2.25,0,19594
282,21.376,137,1,2.29,0,28152
283,20.252,-273,0,1.654,1,30801
284,19.878,-410,0,1.696,1,27395
285,20.595,-148,0,2.732,0,16789
286,21.741,271,1,0.356,1,13137
287,22.245,455,1,1.733,1,19699
288,20.102,-328,0,-0.309,0,35124
289,19.066,-707,0,0.758,1,24102
290,20.311,-252,0,0.55,0,31328
291,22.292,472,1,3.146,0,22241
292,20.734,-97,0,1.196,0,20817
293,20.538,-169,0,2.63,1,36055
294,19.196,-659,0,1.901,1,27084
295,20.835,-60,0,0.313,1,16971
296,19.782,-445,0,1.02,0,33510
297,19.304,-620,0,1.194,1,29796
298,22.658,606,1,3.434,1,25234
299,19.595,-513,0,1.731,0,12470
300,21.807,295,1,1.956,1,30426
301,21.2,73,1,2.719,0,21408
302,21.372,136,1,1.209,0,28533
303,19.722,-467,0,0.596,1,5612
304,20.392,-222,0,1.342,0,21653
305,21.067,24,1,2.59,1,20486
306,22.954,714,1,2.156,1,29511
307,22.712,625,1,1.727,1,12280
308,22.104,403,1,2.385,1,16308
309,19.517,-542,0,1.833,1,28736
310,20.134,-316,0,2.332,1,33110
311,20.409,-216,0,2.044,1,26039
312,20.915,-31,0,1.713,0,37380
313,19.457,-563,0,1.721,1,36803
314,20.317,-249,0,1.538,0,32358
315,22.949,712,1,1.635,1,35523
316,19.087,-699,0,0.328,1,29979
317,19.646,-494,0,1.189,1,6031
318,22.187,434,1,1.587,0,18816
319,22.936,707,1,3.379,1,20178
320,19.457,-564,0,-0.675,1,34817
321,19.66,-490,0,2.054,0,24106
322,22.447,528,1,3.06,1,18272
323,22.1,402,1,3.148,0,23602
324,21.31,113,1,1.844,1,31874
325,22.766,645,1,3.263,1,22793
326,20.675,-119,0,2.398,1,27478
327,19.892,-405,0,0.771,1,24978
328,22.465,535,1,1.542,1,28218
329,20.139,-314,0,1.179,1,29861
330,22.819,664,1,2.99,1,21819
331,22.477,539,1,2.104,1,27477
332,19.281,-628,0,1.004,1,39946
333,21.479,175,1,1.001,1,13838
334,22.729,632,1,1.339,1,20580
335,21.325,119,1,1.954,1,27394
336,19.789,-442,0,2.628,1,35815
337,22.088,397,1,2.906,0,25768
338,20.182,-299,0,0.979,0,15916
339,19.828,-428,0,-0.865,1,31858
340,20.067,-341,0,1.783,1,21651
341,21.557,203,1,1.754,0,19949
342,19.661,-489,0,2.633,1,48593
343,22.131,413,1,3.165,1,30808
344,19.286,-626,0,1.305,0,27471
345,22.026,375,1,2.48,0,19961
346,19.621,-504,0,2.271,1,29563
347,20.719,-103,0,1.946,0,7389
348,22.982,724,1,1.281,1,20783
349,21.016,6,1,1.719,0,24131
350,20.417,-213,0,2.163,0,29120
351,20.103,-328,0,2.148,0,46600
352,20.919,-30,0,2.087,0,25345
353,20.486,-188,0,-0.09,0,25040
354,19.813,-433,0,1.85,0,11440
355,19.345,-605,0,2.742,1,22868
356,21.918,335,1,2.657,0,17312
357,20.513,-178,0,1.414,0,25088
358,19.776,-447,0,3.117,0,25646
359,22.64,599,1,4.172,0,34240
360,19.805,-436,0,0.891,0,39278
361,21.538,196,1,2.737,0,20529
362,20.792,-76,0,2.017,1,21923
363,22.619,591,1,2.417,1,23026
364,20.675,-119,0,3.754,1,30849
365,20.455,-199,0,0.778,0,7119
366,20.135,-316,0,2.305,1,15244
367,19.408,-581,0,0.976,1,31721
368,21.452,165,1,2.593,0,25580
369,22.296,473,1,2.045,1,26968
370,20.511,-179,0,0.561,1,24317
371,19.706,-472,0,1.864,0,28252
372,20.218,-286,0,1.492,0,19861
373,19.836,-425,0,0.886,1,26683
374,21.982,358,1,3.284,0,30558
375,21.429,157,1,2.966,0,18935
376,22.374,502,1,0.956,1,15561
377,19.37,-595,0,1.853,0,38658
378,22.53,559,1,4.201,0,14277
379,21.65,237,1,2.692,1,24821
380,22.43,522,1,1.666,1,36819
381,21.072,26,1,1.977,0,27598
382,19.946,-385,0,0.175,0,20122
383,21.05,18,1,4.118,0,22371
384,21.098,36,1,2.419,0,21996
385,19.893,-404,0,0.47,1,24771
386,19.263,-634,0,1.724,0,19222
387,20.89,-40,0,2.879,0,33022
388,21.325,119,1,2.684,0,24102
389,22.236,451,1,2.813,1,14365
390,21.928,339,1,2.863,1,28545
391,22.409,515,1,3.133,0,18797
392,20.54,-168,0,1.727,1,33313
393,22.952,713,1,3.984,0,28986
394,21.441,161,1,2.171,0,23721
395,20.22,-285,0,0.839,1,14109
396,20.617,-140,0,2.587,0,23012
397,22.504,549,1,2.078,1,22214
398,20.5,-183,0,2.286,0,17141
399,21.182,66,1,2.285,0,31879
400,19.768,-450,0,2.291,1,25034
401,20.983,-6,0,0.778,1,24413
402,20.741,-95,0,1.362,1,13399
403,21.758,277,1,3.551,1,26714
404,22.241,453,1,1.521,0,28889
405,19.703,-474,0,2.076,1,24738
406,19.227,-647,0,1.041,1,16197
407,21.274,100,1,1.423,0,28698
408,19.891,-405,0,2.401,1,15470
409,21.175,64,1,2.434,1,30358
410,22.274,465,1,3.384,0,42170
411,22.129,412,1,3.148,0,29087
412,20.5,-183,0,1.299,0,17558
413,21.544,199,1,1.292,1,16943
414,22.673,611,1,2.865,0,35132
415,19.848,-421,0,2.134,0,19529
416,21.906,331,1,1.376,0,25699
417,19.954,-382,0,2.618,0,18767
418,21.487,178,1,3.264,0,35053
419,20.871,-47,0,3.917,1,8154
420,19.815,-433,0,2.007,0,22480
421,19.085,-699,0,1.286,1,24414
422,21.171,62,1,3.833,1,30590
423,19.21,-654,0,1.752,0,34506
424,22.102,403,1,2.929,1,25422
425,20.308,-253,0,1.235,1,31384
426,19.327,-611,0,1.532,1,37882
427,19.654,-492,0,1.187,0,13610
428,19.864,-415,0,2.439,1,30648
429,20.781,-80,0,0.745,0,15814
430,21.041,15,1,2.568,1,34693
431,21.936,342,1,2.472,1,11784
432,20.057,-344,0,2.853,1,10436
433,20.791,-76,0,2.182,1,24187
434,19.508,-545,0,1.606,1,24070
435,20.775,-82,0,1.561,0,13938
436,22.906,696,1,2.634,1,12672
437,19.184,-663,0,0.791,0,20790
438,19.171,-668,0,0.979,0,31990
439,19.839,-424,0,0.754,0,43306
440,21.736,269,1,1.667,1,8366
441,22.627,594,1,1.899,0,18988
442,21.647,236,1,3.411,1,39394
443,19.792,-441,0,1.599,0,28770
444,19.329,-610,0,0.256,1,29672
445,22.994,728,1,3.098,0,22286
446,21.258,94,1,1.355,1,36628
447,19.541,-533,0,3.255,1,27286
448,20.613,-141,0,1.976,0,31117
449,19.181,-664,0,2.209,0,22486
450,21.541,197,1,0.26,0,14112
451,20.717,-103,0,1.469,1,17001
452,19.284,-627,0,0.17,0,24629
453,19.844,-422,0,1.654,1,28771
454,19.97,-376,0,0.542,0,23587
455,21.232,85,1,2.472,1,23255
456,22.86,679,1,2.455,1,29030
457,22.772,647,1,4.149,1,23037
458,21.602,220,1,1.697,1,24992
459,19.934,-389,0,0.652,1,28518
460,19.745,-458,0,2.072,0,26790
461,22.947,711,1,4.146,1,30277
462,21.393,144,1,2.932,1,36380
463,20.934,-24,0,1.639,1,35218
464,19.584,-517,0,2.755,1,24277
465,19.826,-429,0,1.725,0,31316
466,19.954,-382,0,1.542,1,27099
467,19.709,-471,0,2.975,1,24174
468,19.888,-406,0,1.998,1,12082
469,20.057,-344,0,2.205,0,39131
470,20.917,-30,0,2.489,1,24384
471,19.288,-625,0,2.047,0,33202
472,21.06,22,1,3.454,0,27012
473,19.634,-499,0,0.645,1,25393
474,21.785,287,1,1.689,0,35665
475,19.138,-680,0,1.805,1,28082
476,19.666,-487,0,1.196,1,26267
477,21.48,175,1,2.171,0,29582
478,22.65,603,1,2.96,0,33252
479,22.756,641,1,3.367,0,17079
480,22.768,646,1,3.383,0,26594
481,20.739,-95,0,1.755,1,23918
482,22.063,388,1,2.953,1,9113
483,22.085,396,1,1.926,1,26334
484,20.678,-118,0,2.019,0,22029
485,22.015,371,1,3.0,1,26956
486,20.327,-246,0,0.799,0,18952
487,19.282,-627,0,2.129,0,23662
488,19.736,-462,0,1.667,1,27337
489,19.881,-409,0,0.75,1,23677
490,20.849,-55,0,2.116,1,21420
491,19.488,-552,0,2.328,0,32726
492,22.101,402,1,1.966,1,28698
493,20.166,-305,0,2.422,1,25322
494,20.992,-3,0,1.684,1,28412
495,20.884,-42,0,0.823,0,29602
496,22.48,541,1,2.185,0,19873
497,22.449,529,1,3.469,1,16309
498,20.221,-285,0,0.348,0,19230
499,20.548,-165,0,1.432,1,13980
500,20.432,-207,0,2.064,0,10697
501,22.308,478,1,2.632,1,20038
502,19.132,-682,0,2.287,0,31301
503,22.546,565,1,2.86,0,17686
504,19.692,-478,0,2.137,0,36526
505,19.836,-425,0,0.67,0,25561
506,20.907,-34,0,1.356,0,21051
507,21.83,303,1,3.356,1,22741
508,20.441,-204,0,0.769,0,25932
509,21.32,117,1,3.321,0,37759
510,22.282,468,1,2.703,1,13790
511,19.34,-606,0,0.884,1,28463
512,22.736,634,1,3.388,1,31147
513,19.317,-615,0,0.488,0,22636
514,19.612,-507,0,0.657,1,14023
515,19.427,-575,0,2.287,0,20738
516,22.32,482,1,3.82,1,41605
517,20.638,-132,0,0.711,1,9559
518,21.005,2,1,2.641,0,11519
519,19.11,-690,0,0.575,0,23408
520,20.923,-28,0,2.507,1,14199
521,20.899,-37,0,1.849,1,25534
522,19.283,-627,0,1.647,0,21961
523,21.338,123,1,0.963,1,28243
524,19.366,-597,0,1.63,1,28501
525,21.827,302,1,3.008,1,27130
526,20.113,-324,0,0.442,1,25736
527,19.528,-538,0,2.511,1,20410
528,22.06,387,1,1.574,1,19200
529,22.545,564,1,2.44,1,9968
530,20.155,-309,0,1.249,0,15606
531,19.781,-445,0,-0.05,1,22551
532,21.642,235,1,3.456,0,22505
533,22.13,413,1,4.748,0,24893
534,20.213,-287,0,1.696,0,37452
535,22.666,609,1,2.77,1,19101
536,19.057,-709,0,0.852,1,32760
537,20.186,-297,0,1.245,0,25728
538,21.026,9,1,1.88,0,24764
539,22.446,528,1,2.873,1,39985
540,21.026,10,1,3.561,1,29396
541,22.376,503,1,2.041,1,16784
542,22.386,506,1,4.865,0,30154
543,22.272,465,1,2.48,0,11994
544,21.495,181,1,1.522,0,31028
545,22.291,471,1,3.371,0,26074
546,19.093,-697,0,1.377,0,14083
547,20.371,-230,0,1.221,0,20979
548,22.326,484,1,3.545,0,26495
549,19.702,-474,0,0.176,1,31013
550,22.168,427,1,2.788,1,20431
551,22.157,423,1,3.019,0,17504
552,21.691,253,1,2.306,1,27553
553,20.713,-105,0,1.105,0,20314
554,19.311,-617,0,2.129,0,26604
555,19.176,-666,0,0.563,0,19014
556,20.695,-112,0,1.078,1,36678
557,19.814,-433,0,1.014,0,19697
558,21.079,29,1,2.174,0,42149
559,21.883,323,1,2.123,0,39296
560,21.755,276,1,2.697,0,26081
561,19.139,-680,0,0.144,0,26254
562,19.771,-449,0,2.062,0,19615
563,19.571,-522,0,1.428,1,10302
564,21.283,103,1,1.764,0,26599
565,20.545,-166,0,2.142,1,29684
566,21.434,159,1,1.377,0,10337
567,20.945,-20,0,0.726,1,19508
568,19.041,-716,0,0.587,0,28844
569,19.709,-471,0,0.537,1,15789
570,20.137,-315,0,2.189,0,30335
571,22.104,403,1,2.994,1,17740
572,22.58,577,1,3.119,1,21943
573,21.297,108,1,3.229,0,13861
574,21.604,221,1,4.582,0,10898
575,21.905,330,1,3.442,1,29842
576,22.703,622,1,2.543,1,12116
577,21.264,96,1,3.171,1,22659
578,21.562,205,1,2.167,0,18020
579,21.239,87,1,2.565,0,15074
580,19.016,-725,0,1.863,0,18628
581,20.849,-55,0,1.228,1,37544
582,19.956,-381,0,1.463,1,29725
583,20.09,-332,0,1.486,0,16787
584,19.151,-675,0,2.87,0,25358
585,19.765,-451,0,1.45,1,31234
586,19.381,-591,0,1.006,1,30529
587,20.25,-274,0,0.18,1,4408
588,22.817,664,1,2.499,1,13618
589,21.866,316,1,2.311,0,13986
590,22.185,433,1,2.39,1,16298
591,19.779,-446,0,2.043,1,20126
592,20.208,-289,0,2.288,1,33661
593,22.608,587,1,2.641,0,16672
594,21.6,219,1,4.504,0,21244
595,21.924,337,1,3.552,1,22898
596,21.185,67,1,3.125,1,28484
597,19.234,-645,0,2.378,0,25820
598,22.939,708,1,2.974,0,14756
599,19.209,-654,0,2.096,0,18588
600,22.174,429,1,2.34,1,31301
601,21.194,71,1,2.507,0,21244
602,21.205,75,1,1.102,1,28807
603,22.079,394,1,1.738,1,22354
604,22.772,647,1,2.584,1,34876
605,22.41,515,1,3.922,1,22765
606,19.281,-628,0,1.401,1,34136
607,20.035,-352,0,1.328,0,33764
608,22.88,687,1,1.766,0,29178
609,19.916,-396,0,1.799,0,33763
610,20.418,-213,0,2.308,0,13967
611,19.994,-368,0,1.809,1,14489
612,20.399,-219,0,1.721,1,16615
613,22.546,565,1,2.339,1,29347
614,21.674,246,1,3.343,0,15731
615,21.669,244,1,1.323,1,22521
616,21.608,222,1,1.387,1,11374
617,22.552,567,1,2.827,1,20968
618,22.172,428,1,3.143,0,17686
619,21.875,320,1,2.489,0,23093
620,22.991,727,1,3.149,1,35490
621,22.397,510,1,2.312,1,21762
622,20.536,-169,0,1.723,0,21692
623,19.27,-632,0,1.641,0,8240
624,20.607,-143,0,1.184,0,20684
625,21.243,89,1,2.373,0,8965
626,19.362,-598,0,1.304,0,23179
627,21.487,178,1,1.169,1,15443
628,22.251,457,1,3.726,0,22379
629,22.494,546,1,1.817,1,21424
630,20.991,-3,0,1.799,0,23385
631,19.881,-409,0,3.507,1,33488
632,20.713,-105,0,3.276,1,35741
633,20.278,-264,0,1.76,1,35029
634,19.921,-394,0,1.141,0,24107
635,21.92,336,1,2.916,0,21115
636,19.778,-446,0,1.072,1,24344
637,20.351,-237,0,3.788,0,21529
638,20.766,-86,0,2.093,1,16376
639,19.189,-662,0,0.582,1,17034
640,19.561,-526,0,1.865,0,37992
641,19.48,-555,0,0.121,0,27399
642,19.866,-414,0,1.662,0,32404
643,20.25,-274,0,2.546,0,23773
644,21.002,1,1,1.754,1,19022
645,19.147,-677,0,0.596,0,23793
646,21.454,166,1,1.684,1,37038
647,21.052,19,1,1.757,1,17225
648,21.999,365,1,1.082,0,12565
649,20.522,-175,0,2.871,0,12626
650,20.81,-69,0,1.331,1,25163
651,21.556,203,1,1.412,0,37347
652,21.501,183,1,3.805,0,22228
653,22.281,468,1,2.757,1,9160
654,21.045,16,1,2.825,1,27369
655,22.249,456,1,2.811,0,33133
656,20.958,-15,0,2.608,0,21826
657,20.78,-80,0,2.623,0,25007
658,22.978,722,1,2.934,1,29789
659,21.746,273,1,3.07,0,29238
660,22.617,590,1,3.444,0,14652
661,21.702,256,1,4.332,1,22351
662,19.532,-536,0,-0.366,0,12788
663,19.161,-672,0,2.169,0,22722
664,19.862,-416,0,1.054,1,31462
665,22.346,492,1,1.749,1,27273
666,22.304,476,1,1.697,0,8572
667,20.715,-104,0,2.826,0,42260
668,22.056,386,1,4.395,1,15641
669,19.783,-445,0,1.333,0,13578
670,22.541,563,1,3.66,0,29136
671,22.435,524,1,4.695,1,18287
672,22.377,503,1,2.337,1,28664
673,21.685,250,1,1.921,0,19030
674,22.202,439,1,3.214,1,9980
675,19.91,-398,0,1.868,1,26076
676,19.656,-491,0,0.686,1,28533
677,22.063,388,1,3.637,0,15462
678,20.899,-37,0,0.766,1,35979
679,21.587,214,1,2.32,0,33737
680,22.981,724,1,2.124,1,20896
681,21.084,31,1,1.619,1,47447
682,19.422,-576,0,-0.024,0,15051
683,19.345,-605,0,1.503,0,15220
684,22.165,425,1,2.233,1,15144
685,20.021,-358,0,1.613,0,21648
686,22.192,435,1,2.751,0,8897
687,20.628,-136,0,1.601,1,12617
688,22.365,499,1,2.76,0,23955
689,20.108,-326,0,-0.123,1,20385
690,20.796,-74,0,1.877,1,35239
691,21.183,67,1,3.463,0,30444
692,19.157,-673,0,1.737,0,20548
693,20.636,-133,0,0.115,0,18125
694,20.626,-137,0,3.229,0,34754
695,21.598,219,1,0.124,0,45960
696,22.122,410,1,3.877,0,16571
697,20.221,-285,0,1.199,1,21064
698,20.407,-216,0,0.315,0,31270
699,19.07,-705,0,0.687,0,27631
700,22.946,711,1,3.498,1,23349
701,20.538,-169,0,1.685,1,10140
702,19.472,-558,0,1.189,0,31733
703,20.252,-273,0,2.028,0,33521
704,21.214,78,1,2.094,0,33771
705,22.189,434,1,1.988,1,17582
706,19.271,-632,0,0.214,0,24946
707,20.878,-45,0,0.887,1,35104
708,21.954,349,1,3.253,1,13219
709,20.523,-174,0,1.55,0,30108
710,19.183,-664,0,1.962,1,28416
711,19.58,-519,0,1.205,1,40982
712,22.063,388,1,2.136,0,19529
713,22.199,438,1,4.789,0,26066
714,19.191,-661,0,0.4,0,19808
715,22.227,448,1,2.883,1,33374
716,21.769,281,1,3.733,1,26568
717,19.644,-495,0,1.368,1,19787
718,22.961,716,1,3.018,0,17184
719,21.28,102,1,1.807,1,11621
720,22.151,420,1,3.27,1,25874
721,20.697,-111,0,-0.107,1,32313
722,21.856,313,1,2.303,1,30747
723,21.211,77,1,2.122,1,17624
724,19.987,-370,0,2.726,0,13410
725,19.443,-569,0,-0.09,1,21901
726,21.762,278,1,1.285,1,18647
727,22.888,689,1,2.548,1,11034
728,22.428,521,1,2.277,0,20890
729,20.942,-21,0,3.14,1,30041
730,20.599,-146,0,1.465,1,29528
731,21.0,0,0,2.691,0,13152
732,21.832,304,1,1.846,0,17270
733,22.488,544,1,2.423,1,29335
734,21.952,348,1,2.804,0,24362
735,22.206,440,1,3.238,0,16411
736,21.704,257,1,2.123,1,24494
737,19.281,-628,0,2.197,0,38268
738,19.157,-673,0,0.206,0,28520
739,22.004,367,1,1.245,1,32276
740,20.937,-23,0,2.04,0,14117
741,22.177,430,1,3.728,0,22786
742,20.452,-200,0,1.666,1,18245
743,21.446,163,1,1.315,0,34243
744,20.111,-325,0,2.198,0,12795
745,22.4,512,1,2.355,1,37509
746,20.767,-85,0,1.571,1,34894
747,19.053,-711,0,0.279,1,28065
748,22.69,617,1,3.872,1,25673
749,19.886,-407,0,2.336,1,28185
750,21.57,208,1,1.785,0,19016
751,19.943,-386,0,1.747,0,21982
752,22.985,725,1,3.265,0,25636
753,20.869,-48,0,2.207,0,29326
754,19.052,-711,0,1.868,0,21545
755,20.992,-3,0,1.77,1,20749
756,22.772,647,1,1.716,1,27161
757,20.297,-257,0,0.45,1,31444
758,20.223,-284,0,2.441,1,28208
759,20.37,-230,0,0.473,1,10315
760,21.993,363,1,3.655,0,33073
761,21.987,360,1,2.416,1,37242
762,21.717,262,1,2.008,0,10911
763,22.204,440,1,2.07,1,26465
764,21.923,337,1,1.917,0,23550
765,19.124,-685,0,2.023,1,33842
766,21.147,54,1,2.985,0,41423
767,22.697,620,1,2.425,1,10162
768,21.765,280,1,1.972,1,17660
769,22.549,566,1,3.095,0,50772
770,22.985,725,1,2.914,1,1751
771,22.165,426,1,2.22,1,23546
772,19.403,-583,0,0.707,0,11503
773,21.386,141,1,2.742,0,21487
774,22.058,387,1,3.41,0,30170
775,19.345,-604,0,0.828,1,25914
776,21.407,149,1,3.021,1,28796
777,21.303,111,1,2.229,1,23909
778,22.194,436,1,2.592,1,28715
779,20.936,-23,0,1.528,1,39623
780,21.216,79,1,2.095,0,25439
781,21.126,46,1,1.262,0,18745
782,20.725,-100,0,1.176,0,29762
783,22.217,445,1,3.011,0,35857
784,22.373,501,1,1.845,0,19538
785,19.444,-568,0,1.139,1,19423
786,19.981,-372,0,2.22,1,17162
787,19.718,-468,0,-0.184,0,18117
788,19.174,-667,0,0.526,1,16388
789,21.136,50,1,3.085,1,30844
790,20.78,-80,0,1.754,0,37628
791,19.669,-486,0,0.576,0,38804
792,20.635,-133,0,0.606,0,18651
793,20.162,-306,0,1.511,1,28330
794,22.225,447,1,2.493,1,23735
795,21.002,1,1,2.174,0,25971
796,22.081,395,1,2.591,1,29876
797,20.758,-88,0,2.166,1,13873
798,22.834,670,1,2.981,0,33236
799,21.138,50,1,2.41,1,21093
800,21.491,179,1,1.327,0,23758
801,19.324,-612,0,1.129,1,21176
802,19.095,-696,0,0.419,0,30096
803,20.7,-110,0,3.621,0,24040
804,20.197,-293,0,1.736,1,31677
805,20.262,-270,0,0.794,1,32967
806,20.598,-147,0,0.989,0,27071
807,20.624,-137,0,0.46,0,25912
808,21.028,10,1,1.736,0,31270
809,21.219,80,1,2.192,1,19092
810,22.998,730,1,2.59,0,21012
811,22.328,485,1,3.353,0,24687
812,21.045,17,1,2.075,1,1619
813,21.511,187,1,2.345,1,24596
814,22.006,367,1,3.143,0,24582
815,21.542,198,1,1.413,0,20652
816,22.816,663,1,3.221,1,37287
817,21.768,280,1,3.021,1,22971
818,20.008,-362,0,0.442,1,35635
819,20.636,-133,0,2.023,0,28819
820,22.59,581,1,2.719,1,31638
821,21.835,305,1,4.42,0,22034
822,20.238,-278,0,1.527,0,21213
823,20.266,-268,0,2.417,0,25180
824,20.827,-63,0,2.273,0,20486
825,20.1,-329,0,1.066,1,16495
826,19.984,-371,0,0.387,0,28031
827,21.913,333,1,3.493,1,33919
828,19.559,-526,0,1.759,1,26005
829,21.158,58,1,3.255,1,23091
830,20.791,-76,0,1.823,1,27537
831,20.887,-41,0,2.172,1,14381
832,19.184,-663,0,1.299,0,18008
833,22.992,728,1,3.635,1,17060
834,21.54,197,1,2.622,1,31259
835,22.54,562,1,4.614,0,35697
836,20.477,-191,0,2.971,0,12921
837,22.213,443,1,2.188,1,20570
838,19.136,-681,0,0.29,1,16200
839,22.282,468,1,3.368,0,35105
840,21.707,258,1,1.438,1,15186
841,21.998,365,1,2.857,1,17422
842,20.021,-358,0,3.147,1,26889
843,20.704,-108,0,1.662,0,20281
844,22.974,721,1,1.907,0,23068
845,19.353,-602,0,1.635,0,22388
846,20.122,-321,0,2.15,1,29994
847,21.845,309,1,1.347,0,33764
848,21.651,238,1,3.105,0,13693
849,22.938,708,1,3.353,1,28313
850,21.198,72,1,2.951,1,19921
851,21.726,265,1,1.836,1,27076
852,21.444,162,1,1.481,1,20258
853,21.908,332,1,2.868,1,13617
854,22.87,683,1,3.962,0,12674
855,20.143,-313,0,1.868,1,23222
856,21.515,188,1,4.845,0,26354
857,19.128,-684,0,2.011,0,42608
858,22.803,658,1,3.815,1,35072
859,21.049,18,1,0.841,1,26790
860,20.651,-127,0,1.554,1,27527
861,20.894,-39,0,1.832,1,14546
862,20.175,-301,0,3.584,1,30432
863,19.548,-530,0,2.215,1,20111
864,20.113,-324,0,1.483,1,21964
865,20.742,-94,0,1.078,0,29286
866,22.29,471,1,2.672,1,20089
867,21.249,91,1,3.495,1,31596
868,21.318,116,1,1.478,0,12084
869,20.769,-84,0,1.649,1,29964
870,22.399,511,1,2.806,0,22902
871,21.237,86,1,1.182,1,27818
872,22.72,628,1,3.292,0,24137
873,20.773,-83,0,2.174,0,29326
874,21.966,353,1,3.57,1,19882
875,22.352,494,1,3.96,1,28375
876,20.009,-362,0,1.624,1,19642
877,22.12,409,1,3.862,1,27915
878,21.513,187,1,1.622,1,21859
879,21.241,88,1,2.253,0,28558
880,19.477,-556,0,0.741,0,37024
881,21.578,211,1,2.076,1,20044
882,19.833,-426,0,2.613,1,25386
883,20.646,-129,0,2.076,0,30884
884,19.612,-507,0,2.205,1,22859
885,21.641,234,1,3.596,1,39094
886,20.905,-35,0,3.552,0,17050
887,19.974,-375,0,0.666,1,31857
888,20.285,-261,0,2.597,1,25801
889,19.386,-590,0,1.207,1,24182
890,19.946,-385,0,1.513,0,18303
891,19.091,-697,0,2.578,0,28137
892,19.097,-695,0,1.547,0,14573
893,21.685,250,1,2.381,1,37453
894,21.272,99,1,2.593,1,13713
895,20.268,-267,0,1.684,1,17631
896,20.287,-261,0,1.865,0,21061
897,21.477,174,1,4.217,0,27907
898,21.005,2,1,2.853,1,20736
899,19.852,-419,0,1.038,0,23248
900,22.332,486,1,4.009,1,32363
901,22.676,612,1,2.472,1,34424
902,20.261,-270,0,1.827,0,40119
903,22.946,711,1,2.799,0,22497
904,22.583,578,1,2.074,1,26297
905,21.727,266,1,2.973,1,28800
906,21.91,332,1,1.886,1,15393
907,19.759,-453,0,2.826,1,31467
908,19.885,-407,0,2.253,0,18919
909,19.763,-452,0,1.649,1,21933
910,20.969,-11,0,0.807,1,40556
911,21.905,330,1,2.409,1,20627
912,20.352,-237,0,0.247,1,35244
913,19.953,-382,0,1.174,0,17450
914,19.504,-546,0,1.007,0,16652
915,20.445,-203,0,2.134,1,19253
916,20.664,-123,0,1.913,1,15484
917,19.203,-656,0,0.214,0,20930
918,22.307,477,1,3.859,0,24950
919,21.422,154,1,2.416,1,31171
920,19.437,-571,0,0.432,1,25543
921,20.921,-29,0,1.498,1,30826
922,22.068,390,1,1.839,0,27285
923,22.53,559,1,2.438,0,18532
924,21.88,321,1,2.35,0,23106
925,20.68,-117,0,1.273,1,22247
926,22.743,637,1,2.971,1,12852
927,22.791,654,1,3.024,1,30022
928,21.187,68,1,2.485,0,20635
929,20.829,-62,0,1.4,0,32938
930,21.753,275,1,3.833,0,28838
931,20.923,-28,0,1.254,1,29127
932,21.468,171,1,2.572,1,29283
933,22.324,483,1,3.002,1,23139
934,19.083,-700,0,0.506,0,44644
935,21.366,134,1,1.895,0,32091
936,19.679,-483,0,1.634,1,19233
937,19.808,-435,0,1.98,0,20549
938,21.933,341,1,2.708,0,30451
939,21.188,69,1,2.467,0,31205
940,19.589,-515,0,2.021,0,32560
941,19.086,-699,0,0.143,1,28841
942,20.458,-198,0,2.045,0,34290
943,20.932,-25,0,2.327,0,28612
944,19.233,-645,0,1.36,0,30611
945,20.627,-136,0,2.443,0,23112
946,22.519,555,1,1.878,1,26256
947,22.517,554,1,2.822,1,42441
948,22.899,694,1,2.354,0,29101
949,20.587,-151,0,2.094,0,19037
950,20.392,-222,0,1.477,1,22158
951,19.514,-543,0,0.212,0,17071
952,19.75,-457,0,1.503,1,25650
953,22.911,698,1,3.426,0,30914
954,19.867,-414,0,1.581,0,24385
955,21.199,73,1,2.075,1,32714
956,20.975,-9,0,1.487,1,23663
957,20.284,-261,0,2.516,1,16474
958,21.743,272,1,2.932,1,30811
959,22.05,383,1,3.374,1,20091
960,21.131,48,1,2.094,0,32703
961,21.855,312,1,4.545,0,16755
962,21.397,145,1,3.441,1,27391
963,21.897,328,1,2.187,1,28860
964,20.516,-177,0,2.435,0,24898
965,21.894,327,1,2.414,1,26054
966,21.344,126,1,2.267,0,20284
967,19.047,-713,0,2.107,0,32028
968,21.227,83,1,2.148,0,23143
969,21.13,47,1,2.208,1,23039
970,20.66,-124,0,3.071,0,41928
971,19.708,-472,0,0.45,0,16544
972,20.638,-132,0,0.942,0,19299
973,21.385,141,1,3.566,0,27039
974,21.541,197,1,1.726,0,18687
975,22.447,529,1,2.241,0,16343
976,19.416,-579,0,1.632,0,13894
977,21.29,106,1,1.622,1,4708
978,22.768,646,1,3.181,1,27721
979,20.701,-109,0,1.909,1,14633
980,21.19,69,1,2.642,1,32077
981,22.64,599,1,3.301,0,15865
982,19.995,-367,0,1.415,1,34351
983,20.762,-87,0,0.787,1,11630
984,20.291,-259,0,1.567,0,15921
985,20.008,-362,0,0.969,1,14812
986,20.891,-40,0,0.718,0,30750
987,19.081,-701,0,1.292,0,32683
988,21.999,365,1,2.339,1,17040
989,21.045,17,1,2.763,1,29955
990,22.281,468,1,3.974,0,29713
991,21.31,113,1,3.195,1,16694
992,21.929,339,1,2.014,0,23182
993,20.945,-20,0,1.44,0,27313
994,22.052,384,1,2.279,0,22846
995,19.855,-418,0,0.422,1,26055
996,19.096,-695,0,2.271,0,21460
997,20.167,-304,0,1.182,0,31922
998,21.036,13,1,2.261,0,24648
999,19.914,-397,0,1.722,0,18709
1000,21.242,88,1,3.004,0,24924
1001,21.731,267,1,3.916,0,29774
1002,22.736,634,1,4.126,1,35145
1003,19.032,-719,0,1.433,1,21133
1004,22.808,660,1,1.773,1,33661
1005,21.393,143,1,1.698,0,26882
1006,20.231,-281,0,2.869,1,21334
1007,21.003,1,1,2.179,1,25220
1008,20.007,-363,0,2.188,0,26034
1009,19.329,-610,0,1.662,0,16343
1010,21.624,228,1,1.244,0,16064
1011,20.856,-53,0,0.047,0,27617
1012,21.431,157,1,3.054,0,21042
1013,19.878,-410,0,2.145,1,22107
1014,20.863,-50,0,1.23,0,23061
1015,20.581,-153,0,2.095,1,26138
1016,21.751,274,1,2.661,0,29818
1017,19.693,-477,0,0.644,0,14657
1018,22.139,416,1,1.003,0,41096
1019,19.03,-720,0,-0.048,0,21205
1020,22.73,632,1,2.499,1,33620
1021,19.609,-508,0,1.416,1,29747
1022,21.73,267,1,1.334,1,33024
1023,19.867,-414,0,2.262,0,29153
1024,20.328,-245,0,2.325,0,21732
1025,20.184,-298,0,3.332,1,36081
1026,21.49,179,1,2.582,0,36704
1027,22.8,658,1,2.478,1,32171
1028,22.327,485,1,2.544,0,27466
1029,19.892,-405,0,2.259,0,23891
1030,20.907,-34,0,0.535,1,12669
1031,21.194,71,1,0.571,0,12895
1032,19.347,-604,0,0.334,1,35930
1033,20.829,-62,0,1.405,0,20569
1034,22.68,614,1,2.858,0,37139
1035,22.704,622,1,4.283,1,26507
1036,21.779,285,1,3.875,1,40167
1037,19.777,-447,0,1.16,1,20225
1038,22.85,676,1,3.955,1,22850
1039,22.415,517,1,2.697,0,9336
1040,19.501,-547,0,0.346,0,16004
1041,19.937,-388,0,1.076,0,28881
1042,19.699,-475,0,0.502,1,32725
1043,20.804,-71,0,2.303,1,20786
1044,19.977,-374,0,1.54,0,23347
1045,20.561,-160,0,2.343,0,9827
1046,22.199,438,1,2.646,0,36302
1047,21.892,326,1,1.695,1,21611
1048,21.29,106,1,3.552,0,18885
1049,20.251,-273,0,0.309,1,28394
1050,20.58,-153,0,2.14,0,17917
1051,20.855,-53,0,1.077,1,31268
1052,19.653,-492,0,1.441,0,41672
1053,22.05,383,1,2.206,1,28421
1054,21.33,120,1,1.95,1,16361
1055,19.838,-424,0,2.464,1,34335
1056,19.933,-390,0,1.771,0,26349
1057,20.633,-134,0,2.368,0,39902
1058,20.689,-114,0,1.052,0,25296
1059,19.12,-687,0,2.625,1,29548
1060,21.51,186,1,1.39,0,25772
1061,22.698,620,1,3.196,0,31525
1062,22.655,604,1,2.359,0,20740
1063,21.922,337,1,2.585,1,28498
1064,21.165,60,1,2.091,0,44068
1065,19.085,-699,0,1.929,0,24409
1066,21.046,17,1,2.358,0,34792
1067,21.978,357,1,3.534,1,26071
1068,21.158,58,1,2.039,1,11440
1069,21.069,25,1,2.185,0,35160
1070,19.237,-644,0,1.397,1,36530
1071,22.017,372,1,4.092,1,38967
1072,22.019,372,1,1.618,1,16994
1073,20.771,-83,0,1.249,1,43497
1074,21.944,345,1,2.804,1,36825
1075,21.452,165,1,1.424,0,21468
1076,20.843,-57,0,0.806,0,29767
1077,19.43,-573,0,2.763,1,15058
1078,19.631,-500,0,0.14,0,26473
1079,19.994,-367,0,1.279,1,20653
1080,22.653,604,1,3.177,1,17436
1081,22.838,671,1,3.438,0,23745
1082,21.195,71,1,3.144,1,39948
1083,19.209,-654,0,1.479,1,38389
1084,19.249,-639,0,1.282,1,18692
1085,20.264,-269,0,1.847,0,14964
1086,20.432,-207,0,1.628,0,25193
1087,19.661,-489,0,1.897,0,26802
1088,19.52,-541,0,0.581,1,13506
1089,21.551,201,1,1.41,1,35321
1090,20.355,-236,0,1.405,1,20200
1091,20.821,-66,0,2.273,1,34376
1092,22.023,374,1,3.309,1,7092
1093,20.868,-48,0,1.712,1,20740
1094,20.879,-44,0,2.143,0,31452
1095,20.901,-36,0,2.031,1,22047
1096,22.301,475,1,3.079,1,17428
1097,19.209,-654,0,1.377,0,32363
1098,20.664,-123,0,2.088,1,19666
1099,19.093,-696,0,1.561,1,15153
1100,21.158,58,1,2.918,1,34043
1101,22.707,624,1,2.27,0,36590
1102,19.885,-407,0,1.866,0,27914
1103,19.805,-437,0,1.576,1,23981
1104,19.444,-568,0,0.656,1,11733
1105,20.896,-38,0,2.361,1,24418
1106,19.916,-396,0,1.607,1,30721
1107,22.661,607,1,3.176,0,27709
1108,21.443,162,1,2.613,0,36336
1109,19.652,-492,0,2.131,0,20452
1110,20.773,-83,0,1.518,1,28516
1111,20.53,-172,0,1.762,1,17885
1112,20.486,-188,0,3.625,0,41629
1113,21.736,269,1,2.13,0,27582
1114,19.693,-477,0,1.591,0,29409
1115,21.608,222,1,2.724,0,36117
1116,19.998,-366,0,2.973,1,29204
1117,20.75,-91,0,2.411,1,15681
1118,19.674,-484,0,0.924,0,25743
1119,21.076,28,1,2.316,0,19171
1120,21.424,155,1,2.179,1,30044
1121,22.413,516,1,2.063,0,22008
1122,21.759,277,1,3.443,0,16886
1123,20.856,-53,0,3.257,0,24039
1124,22.376,503,1,3.994,1,31287
1125,20.431,-208,0,1.121,0,34120
1126,20.894,-39,0,1.685,0,17644
1127,22.154,421,1,4.045,1,32732
1128,19.306,-619,0,0.464,0,26564
1129,21.115,42,1,1.109,1,34810
1130,19.948,-384,0,1.997,1,31210
1131,20.601,-146,0,1.93,0,19614
1132,21.306,112,1,1.565,1,30722
1133,19.962,-379,0,0.938,0,26746
1134,20.116,-323,0,2.952,1,22120
1135,19.063,-708,0,1.227,0,21422
1136,20.664,-123,0,1.692,0,11669
1137,20.666,-122,0,1.831,1,15612
1138,21.533,195,1,3.475,1,27118
1139,19.988,-370,0,2.34,0,24691
1140,21.948,346,1,3.173,1,39612
1141,20.012,-361,0,0.238,0,29180
1142,19.931,-390,0,0.649,1,32982
1143,22.699,620,1,3.774,0,22728
1144,21.201,73,1,3.449,0,27001
1145,20.609,-143,0,1.453,1,30868
1146,20.134,-316,0,1.543,0,22733
1147,21.742,271,1,3.855,0,35951
1148,19.055,-710,0,0.823,1,31116
1149,19.097,-695,0,1.694,0,23628
1150,20.443,-203,0,0.578,1,9966
1151,21.981,358,1,1.759,1,25343
1152,21.048,17,1,1.923,0,24046
1153,22.847,675,1,2.563,1,16800
1154,19.015,-725,0,0.949,0,20661
1155,21.943,345,1,2.942,0,31987
1156,19.399,-585,0,1.402,1,24838
1157,19.994,-367,0,1.457,0,18706
1158,22.293,472,1,2.488,1,20633
1159,21.48,175,1,1.988,1,29537
1160,22.033,377,1,2.558,1,28494
1161,22.823,666,1,3.41,1,27813
1162,20.566,-158,0,2.611,0,12790
1163,19.278,-629,0,1.482,1,15945
1164,19.287,-626,0,1.496,1,26351
1165,22.821,665,1,3.403,0,31647
1166,21.938,342,1,3.179,0,15607
1167,19.047,-713,0,1.084,1,37283
1168,19.257,-637,0,0.987,1,37983
1169,20.889,-40,0,0.982,0,19085
1170,19.253,-638,0,-0.944,1,16117
1171,20.061,-343,0,1.999,0,20935
1172,20.735,-97,0,1.109,0,18829
1173,22.829,668,1,3.515,0,17674
1174,19.887,-407,0,1.443,0,26145
1175,22.959,716,1,3.701,0,23645
1176,19.317,-615,0,1.369,1,24597
1177,21.561,205,1,3.686,1,36229
1178,22.28,467,1,4.376,0,22088
1179,22.839,672,1,2.651,0,26259
1180,22.577,576,1,1.522,1,19188
1181,20.356,-235,0,2.827,0,21642
1182,22.975,721,1,3.487,1,38647
1183,21.942,344,1,2.131,0,9092
1184,21.085,31,1,2.171,0,28133
1185,20.134,-316,0,2.023,0,30102
1186,20.959,-15,0,3.04,0,31164
1187,22.435,524,1,1.491,1,42593
1188,22.78,650,1,2.323,1,18230
1189,21.984,360,1,2.695,0,12418
1190,22.038,379,1,1.302,1,21801
1191,20.062,-342,0,2.354,1,32900
1192,21.772,282,1,1.879,0,21473
1193,20.76,-88,0,2.961,0,18909
1194,21.911,333,1,3.392,1,16311
1195,20.941,-22,0,1.567,0,30611
1196,20.585,-152,0,2.58,1,36344
1197,22.547,565,1,1.677,1,15569
1198,19.059,-709,0,1.718,0,19820
1199,20.047,-348,0,2.426,0,25741
1200,20.258,-271,0,2.033,1,13593
1201,22.849,675,1,3.301,0,19507
1202,20.537,-169,0,1.651,0,17451
1203,20.228,-282,0,0.887,1,21279
1204,22.33,486,1,4.275,1,33816
1205,22.021,373,1,0.678,1,17493
1206,21.13,48,1,3.61,1,28255
1207,21.444,162,1,2.053,0,538
1208,20.904,-35,0,1.664,0,20490
1209,19.987,-370,0,1.457,1,33484
1210,20.534,-170,0,1.723,1,44855
1211,20.37,-230,0,1.115,0,4052
1212,20.163,-306,0,3.233,0,15836
1213,19.597,-513,0,3.793,0,25506
1214,20.311,-252,0,1.084,0,33735
1215,22.81,661,1,3.338,1,19859
1216,20.109,-325,0,1.146,1,28161
1217,19.505,-546,0,1.125,0,24437
1218,20.906,-34,0,1.787,1,17273
1219,22.937,707,1,2.606,0,25657
1220,21.222,81,1,2.398,0,35995
1221,21.681,249,1,3.496,0,20176
1222,21.27,99,1,3.716,0,30640
1223,20.734,-97,0,2.629,0,30618
1224,21.853,311,1,3.655,0,35623
1225,22.28,468,1,2.961,0,18514
1226,21.338,123,1,2.435,0,18790
1227,22.933,706,1,3.764,0,22997
1228,19.695,-477,0,1.663,0,27906
1229,19.231,-646,0,3.03,0,19403
1230,20.473,-192,0,1.742,1,36105
1231,19.195,-659,0,1.562,0,24319
1232,22.131,413,1,1.697,1,23056
1233,19.259,-636,0,2.749,0,28123
1234,21.992,362,1,2.495,0,12064
1235,20.472,-193,0,0.369,0,32766
1236,20.294,-258,0,1.855,0,26568
1237,22.674,611,1,2.939,0,13402
1238,19.449,-566,0,2.562,0,10434
1239,19.14,-679,0,1.622,0,41072
1240,21.252,92,1,2.989,1,96
1241,20.997,-1,0,0.942,1,24542
1242,22.266,462,1,3.046,1,15380
1243,21.449,164,1,3.059,1,33031
1244,22.746,638,1,2.014,0,25779
1245,20.51,-179,0,1.702,0,25202
1246,21.473,173,1,1.44,1,27934
1247,19.033,-718,0,1.242,0,12275
1248,20.215,-287,0,2.809,1,21106
1249,19.472,-558,0,0.959,1,22484
1250,21.876,320,1,2.137,0,31051
1251,21.786,287,1,3.821,0,17975
1252,20.356,-235,0,0.913,0,-5421
1253,21.646,236,1,0.922,0,12503
1254,19.509,-545,0,1.713,0,32791
1255,21.472,173,1,2.455,0,30545
1256,19.606,-509,0,3.025,1,37899
1257,20.116,-323,0,0.672,1,26289
1258,20.904,-35,0,1.154,0,31607
1259,20.083,-335,0,1.187,1,14397
1260,21.942,344,1,1.898,1,24526
1261,19.535,-535,0,1.731,1,33339
1262,21.626,228,1,2.311,0,30961
1263,20.743,-94,0,0.555,0,19053
1264,20.545,-166,0,2.966,1,24272
1265,19.477,-556,0,1.854,0,24816
1266,21.277,101,1,2.166,0,33288
1267,20.239,-278,0,1.515,1,27215
1268,22.746,638,1,3.163,1,12790
1269,20.459,-198,0,1.509,1,31477
1270,19.614,-506,0,2.216,1,24445
1271,20.897,-38,0,0.111,0,37082
1272,19.101,-694,0,0.231,1,33672
1273,20.449,-201,0,1.713,0,23343
1274,21.216,79,1,1.286,0,29785
1275,20.424,-210,0,0.15,1,23550
1276,21.128,47,1,1.991,1,18322
1277,21.315,115,1,2.607,0,28716
1278,21.695,254,1,2.653,1,30685
1279,19.059,-709,0,-0.183,0,26382
1280,20.5,-183,0,1.586,0,23409
1281,21.677,247,1,2.062,1,22130
1282,22.978,723,1,3.018,1,32270
1283,21.688,251,1,2.002,1,16288
1284,21.347,127,1,1.607,0,28731
1285,21.979,358,1,2.81,1,35682
1286,22.297,474,1,2.203,1,23791
1287,19.565,-524,0,2.43,0,19502
1288,22.751,640,1,2.817,1,37530
1289,19.115,-689,0,0.914,0,16042
1290,21.207,75,1,0.714,0,1388
1291,20.123,-320,0,1.375,0,27755
1292,22.621,592,1,3.072,1,29363
1293,22.52,555,1,2.671,0,11028
1294,21.79,289,1,4.263,1,34330
1295,22.866,682,1,3.467,0,29718
1296,21.912,333,1,2.492,0,23307
1297,19.243,-642,0,0.168,1,20812
1298,22.649,602,1,2.925,0,9899
1299,20.507,-180,0,2.19,1,27693
1300,19.824,-429,0,1.644,1,25845
1301,21.196,72,1,1.808,1,23439
1302,19.777,-447,0,0.522,0,23972
1303,22.393,509,1,2.191,0,15422
1304,22.761,643,1,3.087,1,12022
1305,22.444,527,1,3.124,0,23658
1306,22.21,442,1,2.218,1,20030
1307,21.455,166,1,3.585,1,25601
1308,21.684,250,1,1.422,0,14235
1309,19.388,-589,0,1.804,1,37570
1310,22.406,514,1,2.981,1,39126
1311,20.21,-289,0,2.293,0,23344
1312,22.433,523,1,2.893,1,30920
1313,20.374,-229,0,1.536,1,23951
1314,19.639,-497,0,1.871,1,17694
1315,21.85,311,1,2.485,1,28817
1316,22.541,563,1,3.726,1,23799
1317,19.883,-408,0,1.798,1,16431
1318,19.015,-725,0,0.969,0,40155
1319,21.072,26,1,2.124,1,21600
1320,20.42,-212,0,1.475,1,21131
1321,21.505,184,1,3.82,1,27431
1322,20.183,-299,0,1.017,0,35037
1323,22.004,367,1,3.182,0,21881
1324,20.031,-354,0,1.977,1,20227
1325,22.183,432,1,1.368,1,25063
1326,20.158,-308,0,3.159,1,41575
1327,20.875,-46,0,3.119,0,35021
1328,19.837,-425,0,2.664,0,20912
1329,19.378,-593,0,1.971,0,31142
1330,19.549,-530,0,1.152,0,24742
1331,19.505,-546,0,1.321,1,17254
1332,21.976,357,1,2.888,0,30815
1333,19.635,-499,0,2.044,0,32573
1334,21.23,84,1,0.871,1,14488
1335,19.719,-468,0,1.21,0,33432
1336,22.08,394,1,2.507,0,12394
1337,20.743,-94,0,1.139,0,25173
1338,19.534,-536,0,0.78,0,25143
1339,21.223,82,1,2.87,1,26216
1340,19.036,-717,0,1.72,0,21495
1341,20.559,-161,0,1.971,1,43352
1342,22.764,644,1,3.559,1,10004
1343,20.916,-31,0,1.078,0,24466
1344,22.544,564,1,2.894,0,9347
1345,19.948,-384,0,0.393,1,23170
1346,19.984,-371,0,3.319,1,28787
1347,21.11,40,1,2.564,1,26870
1348,21.497,182,1,1.88,0,20653
1349,22.111,406,1,2.261,0,24165
1350,22.867,682,1,1.125,0,28339
1351,21.949,347,1,2.453,0,24861
1352,19.014,-725,0,0.769,0,27395
1353,19.638,-497,0,2.765,0,23755
1354,19.357,-600,0,1.086,1,13956
1355,21.805,294,1,3.269,1,19924
1356,19.66,-489,0,1.153,0,19955
1357,21.09,33,1,2.985,0,35483
1358,21.223,82,1,3.152,1,13111
1359,19.769,-450,0,1.926,1,20993
1360,21.699,255,1,3.621,1,18678
1361,21.329,120,1,3.265,1,34733
1362,21.605,221,1,2.526,1,21786
1363,19.069,-705,0,0.129,0,21442
1364,19.359,-599,0,1.656,0,26091
1365,19.802,-437,0,3.623,0,20630
1366,20.492,-185,0,3.55,1,20095
1367,20.814,-68,0,2.123,0,20535
1368,20.834,-61,0,1.592,0,22420
1369,22.713,626,1,4.764,1,28466
1370,22.791,654,1,2.756,1,21269
1371,19.629,-501,0,1.428,1,30927
1372,19.198,-658,0,2.359,0,26745
1373,21.481,176,1,3.407,0,18888
1374,20.515,-177,0,1.49,1,31561
1375,19.806,-436,0,1.458,1,26900
1376,19.488,-552,0,1.099,0,30152
1377,20.813,-68,0,2.082,0,23500
1378,22.186,433,1,2.097,0,14500
1379,19.826,-429,0,1.875,0,20345
1380,22.98,723,1,2.728,0,18247
1381,19.902,-401,0,2.016,1,29932
1382,20.997,-1,0,2.844,1,14487
1383,21.742,271,1,3.089,1,16351
1384,19.884,-408,0,1.24,1,26587
1385,22.62,592,1,2.198,1,24426
1386,21.771,282,1,3.2,1,22495
1387,21.724,265,1,2.853,1,21753
1388,19.596,-513,0,1.792,0,27962
1389,19.563,-525,0,1.439,1,8832
1390,19.839,-424,0,1.551,0,20642
1391,21.002,1,1,3.04,0,16955
1392,22.561,570,1,3.764,1,31363
1393,20.164,-305,0,-0.194,1,36915
1394,21.433,158,1,2.169,0,26684
1395,22.886,689,1,2.716,1,28706
1396,21.854,312,1,3.705,0,15107
1397,22.779,650,1,3.641,0,35906
1398,22.672,611,1,2.335,0,23312
1399,20.696,-111,0,2.485,0,32345
1400,19.312,-617,0,0.671,1,20703
1401,19.818,-432,0,2.857,1,14630
1402,22.345,491,1,3.767,0,22694
1403,19.516,-542,0,1.254,1,26636
1404,19.634,-499,0,1.313,0,35379
1405,21.586,214,1,3.456,0,22119
1406,22.139,416,1,2.081,1,16515
1407,22.09,398,1,2.696,1,27784
1408,19.95,-384,0,1.399,1,18853
1409,20.56,-161,0,1.49,1,37547
1410,19.803,-437,0,0.87,1,20634
1411,20.31,-252,0,2.163,0,28177
1412,20.43,-208,0,2.608,1,20969
1413,20.651,-127,0,1.307,0,26765
1414,20.776,-82,0,1.859,0,23063
1415,22.211,442,1,1.861,1,22971
1416,19.087,-699,0,1.776,1,15365
1417,20.673,-120,0,3.098,0,22356
1418,22.604,586,1,2.978,0,24860
1419,19.047,-713,0,1.956,1,30863
1420,21.429,157,1,4.186,0,35464
1421,20.917,-30,0,2.185,1,18379
1422,20.641,-131,0,1.613,0,19474
1423,21.669,244,1,2.535,0,27965
1424,19.836,-425,0,0.183,0,16931
1425,19.305,-619,0,1.945,1,11719
1426,20.187,-297,0,0.795,0,28502
1427,20.332,-244,0,1.535,0,10373
1428,19.521,-540,0,2.189,1,22591
1429,20.821,-65,0,3.136,1,29575
1430,20.29,-259,0,1.994,1,19924
1431,20.637,-133,0,1.428,0,25486
1432,19.806,-436,0,0.688,0,19655
1433,22.166,426,1,2.838,1,14078
1434,22.621,592,1,4.354,1,22119
1435,20.711,-106,0,2.419,1,15390
1436,22.07,391,1,2.823,1,17116
1437,22.71,624,1,1.373,1,26507
1438,20.048,-348,0,-1.037,0,10174
1439,22.156,422,1,1.715,1,20039
1440,22.845,674,1,4.114,1,28540
1441,20.479,-190,0,1.787,1,36903
1442,19.933,-390,0,1.535,0,21484
1443,20.8,-73,0,2.821,0,29239
1444,22.238,452,1,3.394,0,12805
1445,21.462,169,1,1.593,1,36723
1446,20.467,-195,0,1.542,1,30324
1447,21.243,89,1,2.101,0,24243
1448,21.171,62,1,1.099,1,35985
1449,19.381,-591,0,0.524,1,14023
1450,22.469,536,1,2.104,0,41551
1451,19.895,-404,0,1.246,0,30508
1452,20.925,-27,0,2.582,1,36837
1453,20.802,-72,0,1.455,0,17585
1454,20.391,-223,0,1.251,0,14999
1455,21.379,138,1,3.599,0,23329
1456,21.671,245,1,3.037,1,27195
1457,20.894,-39,0,2.493,0,18812
1458,19.157,-673,0,1.414,0,21258
1459,21.431,157,1,1.799,1,28345
1460,20.692,-112,0,1.163,1,36317
1461,22.093,399,1,3.187,1,23073
1462,19.048,-713,0,1.5,0,35726
1463,21.553,202,1,2.784,1,16796
1464,21.483,176,1,3.197,1,15671
1465,22.706,623,1,3.642,1,30118
1466,19.832,-427,0,2.602,1,35711
1467,22.411,515,1,2.735,1,15943
1468,22.055,385,1,1.039,0,16242
1469,21.821,300,1,2.928,1,27661
1470,20.584,-152,0,0.725,0,21952
1471,22.062,388,1,3.07,0,30105
1472,22.131,413,1,1.917,0,40755
1473,22.94,709,1,3.464,0,21061
1474,21.402,147,1,3.439,0,40257
1475,19.949,-384,0,2.402,1,29412
1476,22.553,567,1,3.343,0,26656
1477,22.63,596,1,2.6,0,23063
1478,22.073,392,1,3.018,1,23704
1479,21.013,5,1,1.339,1,42539
1480,19.678,-483,0,1.294,1,32412
1481,22.895,692,1,4.25,0,7961
1482,19.062,-708,0,1.74,0,41485
1483,22.988,726,1,3.725,1,28444
1484,20.56,-161,0,0.537,0,18458
1485,19.534,-535,0,2.368,0,23514
1486,21.029,11,1,1.36,1,40880
1487,20.506,-180,0,1.827,1,15238
1488,19.189,-662,0,0.311,0,25733
1489,21.787,288,1,3.439,0,23414
1490,20.072,-339,0,2.253,1,23954
1491,22.758,642,1,1.969,1,31396
1492,19.26,-635,0,1.121,0,35585
1493,20.64,-132,0,1.791,0,22444
1494,22.994,728,1,3.479,1,30554
1495,22.382,505,1,3.154,0,26842
1496,20.358,-235,0,2.121,1,23777
1497,19.367,-596,0,0.225,0,24756
1498,19.282,-627,0,-0.153,1,34265
1499,22.089,398,1,4.041,0,28579
1500,20.137,-315,0,1.114,1,35901
1501,19.626,-502,0,0.22,1,16234
1502,19.759,-453,0,3.235,1,29236
1503,21.533,195,1,1.972,1,39456
1504,20.314,-251,0,1.741,0,14487
1505,20.729,-99,0,2.156,0,37810
1506,21.047,17,1,1.722,0,20382
1507,20.845,-57,0,1.74,0,38175
1508,19.927,-392,0,1.369,1,22277
1509,19.848,-421,0,1.321,1,20584
1510,22.697,620,1,1.993,1,11003
1511,19.118,-687,0,-0.241,1,20775
1512,22.859,679,1,3.625,0,39475
1513,20.79,-77,0,2.064,0,35853
1514,21.117,43,1,1.312,1,20366
1515,21.932,341,1,2.365,1,42549
1516,20.791,-76,0,1.16,1,26877
1517,22.945,710,1,3.526,1,26198
1518,20.088,-333,0,3.188,0,27614
1519,20.578,-154,0,2.542,0,18964
1520,21.792,289,1,2.161,0,19125
1521,21.951,347,1,3.377,0,42627
1522,19.249,-639,0,0.921,0,22352
1523,19.29,-625,0,4.037,1,26605
1524,21.359,131,1,2.942,1,36304
1525,19.48,-555,0,1.128,0,24849
1526,22.134,414,1,3.468,1,29373
1527,20.366,-231,0,1.972,0,16415
1528,21.392,143,1,1.183,1,29068
1529,19.066,-706,0,0.683,0,21514
1530,20.773,-83,0,1.933,1,23381
1531,22.342,490,1,1.651,1,34673
1532,19.689,-479,0,1.955,1,23135
1533,22.261,460,1,3.62,1,10269
1534,19.178,-665,0,0.377,0,11542
1535,22.673,611,1,4.19,0,23405
1536,20.534,-170,0,0.817,1,36091
1537,19.013,-726,0,1.257,0,29499
1538,20.026,-356,0,2.089,0,22061
1539,19.497,-549,0,2.147,0,18246
1540,22.082,395,1,3.24,1,22512
1541,20.847,-56,0,3.343,1,24610
1542,20.964,-13,0,1.724,0,26238
1543,22.951,713,1,3.574,1,29911
1544,20.072,-339,0,2.677,1,17866
1545,22.941,709,1,4.069,0,5259
1546,20.838,-59,0,2.102,0,18072
1547,22.098,401,1,0.938,0,32431
1548,19.021,-723,0,1.694,0,24094
1549,20.396,-220,0,1.515,1,8961
1550,22.449,529,1,2.954,1,36036
1551,20.677,-118,0,3.028,1,11313
1552,21.982,359,1,3.547,1,33614
1553,22.939,708,1,3.259,1,28401
1554,19.393,-587,0,2.004,1,18028
1555,20.43,-208,0,1.772,1,29703
1556,22.479,540,1,2.571,1,43859
1557,19.7,-475,0,1.885,1,10272
1558,21.768,281,1,3.171,0,18858
1559,20.011,-361,0,2.353,1,32895
1560,22.059,387,1,3.164,0,39606
1561,19.175,-666,0,-0.126,1,27933
1562,22.436,524,1,3.131,0,29022
1563,22.441,526,1,2.389,1,27097
1564,19.447,-567,0,1.001,0,33003
1565,21.448,164,1,2.575,0,42979
1566,19.125,-685,0,1.404,0,29390
1567,22.21,442,1,3.239,1,26991
1568,22.065,389,1,3.31,0,24598
1569,21.167,61,1,2.193,1,31423
1570,19.193,-660,0,2.21,0,14808
1571,21.439,160,1,2.496,1,17637
1572,19.709,-471,0,2.096,1,34017
1573,21.507,185,1,2.592,1,20121
1574,21.896,327,1,3.136,1,25697
1575,22.416,517,1,2.56,0,17989
1576,20.56,-161,0,2.19,1,37945
1577,22.486,543,1,1.175,1,30316
1578,21.494,180,1,3.055,1,27423
1579,21.813,297,1,1.471,1,31284
1580,22.929,705,1,3.049,0,32920
1581,19.003,-729,0,2.115,1,27538
1582,21.563,205,1,1.935,0,37830
1583,22.905,696,1,3.7,0,3848
1584,21.827,302,1,2.43,1,13859
1585,19.061,-708,0,1.754,0,23351
1586,22.559,569,1,2.825,1,29866
1587,22.229,449,1,2.692,0,18235
1588,20.807,-71,0,1.455,0,35992
1589,22.448,529,1,2.32,0,27724
1590,21.4,146,1,2.653,0,29054
1591,20.77,-84,0,2.107,0,25800
1592,21.611,223,1,2.497,1,24845
1593,22.957,715,1,2.906,0,15465
1594,22.173,428,1,2.047,1,6399
1595,22.265,462,1,3.249,0,24723
1596,21.905,331,1,2.145,0,18480
1597,19.599,-512,0,3.149,1,8857
1598,22.255,458,1,3.794,1,35484
1599,21.594,217,1,2.439,0,9690
1600,22.115,407,1,2.385,1,20207
1601,20.035,-352,0,2.371,0,17830
1602,22.75,639,1,2.812,0,28393
1603,21.673,246,1,2.867,0,29255
1604,21.389,142,1,2.653,1,16318
1605,21.366,134,1,3.639,1,30104
1606,19.681,-482,0,2.195,0,24812
1607,22.819,664,1,3.454,1,17151
1608,20.344,-239,0,2.256,1,45358
1609,21.621,227,1,2.028,1,38279
1610,20.649,-128,0,0.974,1,9290
1611,19.506,-546,0,2.003,1,25248
1612,20.972,-10,0,1.681,0,32770
1613,22.179,430,1,-0.793,0,33696
1614,21.917,335,1,2.129,0,28284
1615,19.829,-428,0,0.568,1,30787
1616,22.121,410,1,0.429,0,8272
1617,19.365,-597,0,1.03,1,15378
1618,22.457,532,1,2.947,1,27289
1619,19.47,-559,0,1.113,0,16196
1620,21.53,194,1,1.89,1,20432
1621,19.434,-572,0,1.22,0,17421
1622,22.517,554,1,2.297,0,40466
1623,22.077,393,1,4.159,0,28904
1624,20.343,-240,0,3.479,1,9333
1625,22.574,575,1,3.503,0,38911
1626,19.344,-605,0,3.255,0,15195
1627,20.816,-67,0,2.494,1,23669
1628,19.607,-509,0,0.736,0,33273
1629,20.144,-313,0,0.211,1,33931
1630,22.379,504,1,2.924,1,29294
1631,22.229,449,1,3.244,0,22440
1632,21.578,211,1,1.989,0,38519
1633,19.406,-582,0,0.41,1,21911
1634,21.095,35,1,1.732,0,14741
1635,22.606,587,1,1.526,1,23598
1636,21.881,322,1,2.738,0,32758
1637,21.899,328,1,3.437,0,23611
1638,20.165,-305,0,2.078,0,3015
1639,20.461,-197,0,1.818,0,25798
1640,22.471,537,1,2.692,1,7285
1641,22.653,604,1,2.207,0,35816
1642,21.805,294,1,2.966,0,18019
1643,20.111,-325,0,1.082,1,18183
1644,20.995,-2,0,0.958,1,27567
1645,22.324,484,1,4.217,1,33683
1646,22.411,515,1,3.334,0,39569
1647,19.026,-721,0,1.695,0,32080
1648,19.15,-676,0,1.119,1,22100
1649,22.674,611,1,2.075,1,16718
1650,22.45,530,1,2.069,0,27734
1651,20.113,-324,0,1.075,1,11980
1652,20.337,-242,0,0.155,1,29448
1653,21.13,47,1,3.355,1,26264
1654,21.472,173,1,1.387,0,37697
1655,19.198,-658,0,1.299,1,27938
1656,19.034,-718,0,0.268,1,30381
1657,20.279,-263,0,1.64,1,24364
1658,22.388,507,1,2.847,0,9410
1659,20.71,-106,0,2.896,0,35585
1660,20.268,-267,0,0.71,1,30011
1661,20.97,-11,0,2.974,1,29628
1662,20.032,-353,0,2.903,1,24365
1663,21.375,137,1,2.689,1,20557
1664,19.933,-390,0,2.772,1,25777
1665,19.861,-416,0,0.556,1,33906
1666,22.448,529,1,2.999,1,29186
1667,22.255,458,1,2.8,0,20388
1668,21.302,110,1,2.584,1,29527
1669,21.557,204,1,3.564,0,37037
1670,20.605,-144,0,2.997,1,31797
1671,22.764,644,1,3.514,0,21049
1672,21.51,186,1,1.28,1,21970
1673,21.522,191,1,2.196,0,18666
1674,22.371,501,1,2.625,1,21096
1675,19.695,-477,0,1.699,0,18185
1676,19.478,-556,0,2.011,1,39395
1677,19.146,-677,0,1.694,0,37071
1678,21.333,122,1,3.062,1,25520
1679,19.178,-665,0,1.883,0,22141
1680,22.061,387,1,2.372,0,34875
1681,19.046,-714,0,1.748,0,29540
1682,20.702,-109,0,2.385,0,31755
1683,22.933,706,1,5.285,1,31051
1684,19.898,-402,0,1.622,1,32453
1685,22.286,470,1,2.721,1,11834
1686,22.371,501,1,3.661,0,30049
1687,22.23,449,1,3.667,0,26620
1688,21.69,252,1,3.117,0,14156
1689,21.368,134,1,1.651,0,19421
1690,21.37,135,1,2.03,0,21408
1691,22.301,475,1,2.587,1,17180
1692,20.431,-208,0,1.923,1,27744
1693,19.799,-439,0,1.963,0,6408
1694,19.197,-659,0,0.554,0,18488
1695,22.482,541,1,2.491,0,24100
1696,19.521,-540,0,1.187,1,19863
1697,20.945,-20,0,2.458,1,6645
1698,22.539,562,1,3.356,1,27985
1699,21.891,325,1,3.996,1,29200
1700,21.35,128,1,3.09,0,18368
1701,21.242,88,1,0.542,1,26946
1702,20.429,-209,0,1.669,0,28004
1703,22.396,510,1,3.967,0,20174
1704,22.553,567,1,1.77,1,31031
1705,22.176,429,1,4.058,1,12567
1706,22.88,687,1,3.681,0,29603
1707,21.106,39,1,2.775,1,14959
1708,22.906,696,1,3.626,1,25507
1709,19.408,-581,0,1.305,1,12138
1710,21.298,109,1,3.226,1,31835
1711,22.922,702,1,2.554,0,12178
1712,19.313,-616,0,1.668,0,23191
1713,22.72,628,1,3.412,0,34149
1714,21.45,164,1,2.678,0,47182
1715,20.945,-20,0,3.173,0,14655
1716,22.049,383,1,3.445,1,16312
1717,21.83,303,1,1.499,0,23020
1718,20.227,-282,0,1.467,1,20779
1719,19.394,-587,0,1.492,0,39231
1720,20.369,-230,0,2.136,1,18561
1721,20.136,-316,0,1.691,1,9910
1722,20.923,-28,0,2.316,1,27090
1723,22.799,657,1,3.285,0,17381
1724,20.727,-100,0,1.414,0,14917
1725,22.451,530,1,3.456,0,21390
1726,22.131,413,1,3.798,0,26100
1727,21.486,177,1,2.581,0,17985
1728,19.982,-372,0,0.178,0,36961
1729,19.272,-631,0,0.653,0,24492
1730,20.066,-341,0,2.219,0,29411
1731,20.348,-238,0,0.042,0,20136
1732,22.462,534,1,2.584,1,28435
1733,19.557,-527,0,1.601,1,27280
1734,22.473,538,1,2.679,0,23731
1735,20.206,-290,0,1.626,1,23578
1736,20.107,-326,0,0.019,0,39244
1737,22.989,726,1,2.895,0,34691
1738,19.202,-657,0,3.282,0,37612
1739,22.396,510,1,2.523,0,21298
1740,21.277,101,1,2.172,0,27309
1741,20.627,-136,0,2.381,1,27108
1742,19.885,-407,0,1.652,1,35254
1743,19.024,-722,0,0.515,0,15880
1744,22.189,434,1,2.426,0,26669
1745,19.217,-651,0,1.89,1,8663
1746,22.8,657,1,3.87,0,24977
1747,19.619,-504,0,1.391,1,33551
1748,20.452,-200,0,2.14,1,19985
1749,20.25,-274,0,3.517,1,13751
1750,21.763,279,1,2.269,0,29600
1751,20.088,-333,0,1.821,1,11499
1752,19.203,-656,0,1.581,1,29846
1753,20.783,-79,0,1.45,1,19720
1754,20.271,-266,0,1.712,1,27835
1755,19.535,-535,0,1.271,1,31504
1756,20.237,-279,0,2.803,0,32746
1757,21.664,243,1,1.949,0,38892
1758,19.572,-521,0,3.259,1,27962
1759,19.818,-432,0,-0.7,0,34022
1760,22.029,376,1,3.613,1,22845
1761,20.04,-351,0,1.257,0,35069
1762,20.235,-280,0,2.034,0,32697
1763,22.673,611,1,3.085,1,20242
1764,19.57,-522,0,1.547,1,27843
1765,22.664,608,1,1.961,0,24229
1766,19.716,-469,0,2.024,0,35712
1767,20.475,-192,0,3.152,1,36464
1768,22.494,546,1,4.611,0,17252
1769,22.16,424,1,3.975,1,35106
1770,20.76,-88,0,-1.141,0,23737
1771,19.997,-366,0,1.149,0,31208
1772,22.022,373,1,3.008,0,27429
1773,22.055,386,1,3.347,1,16028
1774,19.233,-645,0,1.457,0,29858
1775,22.851,676,1,3.505,1,12871
1776,20.849,-55,0,2.144,1,31753
1777,19.827,-428,0,1.628,1,21459
1778,20.739,-95,0,2.535,0,25359
1779,22.824,666,1,3.385,0,9572
1780,19.806,-436,0,1.01,1,16826
1781,20.284,-261,0,1.496,1,28169
1782,20.994,-2,0,2.535,0,14866
1783,19.877,-410,0,3.597,0,36922
1784,22.797,656,1,3.698,0,36578
1785,19.9,-402,0,1.496,1,20345
1786,21.526,192,1,1.619,0,31361
1787,19.201,-657,0,0.692,0,13204
1788,21.456,167,1,1.751,0,23145
1789,19.392,-587,0,1.092,0,16493
1790,20.94,-22,0,1.184,1,26878
1791,22.96,716,1,2.145,0,34434
1792,20.309,-252,0,1.522,1,26628
1793,22.733,633,1,3.511,0,29058
1794,20.869,-48,0,2.53,0,24761
1795,21.491,179,1,1.496,0,20823
1796,19.104,-692,0,1.71,0,17000
1797,21.249,91,1,3.055,0,29584
1798,20.727,-100,0,2.2,0,16843
1799,21.613,224,1,0.626,1,21717
1800,21.661,241,1,2.736,1,28842
1801,19.473,-558,0,1.25,1,20497
1802,19.639,-497,0,1.809,1,34808
1803,20.536,-169,0,2.455,1,29358
1804,20.385,-225,0,2.066,1,16328
1805,22.839,672,1,3.223,1,31185
1806,22.446,528,1,2.556,0,19759
1807,22.463,534,1,3.515,0,21747
1808,19.929,-391,0,2.274,1,15302
1809,20.737,-96,0,1.773,0,41079
1810,21.099,36,1,2.958,1,16469
1811,19.96,-380,0,2.756,0,26501
1812,20.488,-187,0,1.151,0,21350
1813,22.124,410,1,2.844,0,33350
1814,20.244,-276,0,2.617,0,48177
1815,22.924,703,1,2.903,1,27027
1816,20.323,-247,0,2.489,0,16228
1817,19.391,-588,0,1.14,0,35793
1818,19.807,-436,0,1.937,1,24648
1819,20.291,-259,0,3.186,0,27449
1820,22.269,464,1,2.869,1,30886
1821,22.822,665,1,1.855,1,22721
1822,19.045,-714,0,1.87,0,27188
1823,20.599,-147,0,1.593,0,14363
1824,22.347,492,1,1.784,1,25334
1825,22.32,482,1,2.874,0,38040
1826,19.863,-415,0,2.015,0,24495
1827,21.718,262,1,3.625,1,26432
1828,20.577,-154,0,0.13,0,47265
1829,22.001,365,1,2.951,1,39055
1830,20.376,-228,0,3.863,0,8580
1831,20.786,-78,0,1.57,1,21004
1832,21.122,45,1,2.822,1,6699
1833,21.103,38,1,2.07,0,27912
1834,22.36,497,1,2.956,0,22894
1835,19.699,-475,0,0.997,1,30272
1836,20.694,-112,0,1.188,0,17838
1837,19.404,-583,0,1.328,0,35164
1838,20.558,-161,0,1.171,1,28035
1839,21.683,250,1,2.617,0,30417
1840,20.595,-148,0,0.736,1,27641
1841,19.529,-537,0,1.78,1,29144
1842,21.769,281,1,1.311,1,22309
1843,20.061,-343,0,1.481,0,16098
1844,22.817,664,1,2.229,0,34314
1845,19.388,-589,0,1.537,0,28817
1846,21.787,288,1,1.96,1,21357
1847,21.874,319,1,2.524,1,22123
1848,22.926,703,1,2.027,1,34579
1849,19.289,-625,0,0.417,0,11274
1850,22.761,643,1,3.765,1,30092
1851,21.601,220,1,2.198,1,22063
1852,22.391,508,1,1.879,0,19074
1853,22.743,637,1,2.703,0,23165
1854,20.03,-354,0,0.53,0,27718
1855,20.831,-62,0,1.14,0,44888
1856,19.921,-394,0,1.58,0,20846
1857,20.381,-226,0,1.279,1,23067
1858,21.795,290,1,3.059,0,28813
1859,19.155,-674,0,2.269,0,27140
1860,19.495,-550,0,1.627,1,17196
1861,21.904,330,1,2.843,0,27522
1862,22.13,413,1,1.991,0,29521
1863,21.35,128,1,2.139,0,13734
1864,20.916,-31,0,1.446,0,18723
1865,19.462,-562,0,1.443,1,5080
1866,22.868,682,1,2.787,0,23298
1867,21.988,361,1,1.825,1,30776
1868,22.644,600,1,2.074,0,28917
1869,20.501,-182,0,1.531,0,20533
1870,21.268,98,1,2.551,1,18769
1871,22.424,520,1,4.065,0,20003
1872,19.595,-513,0,0.49,1,22278
1873,21.046,17,1,2.07,0,9303
1874,21.522,191,1,2.479,0,17213
1875,21.55,201,1,1.893,1,23769
1876,20.643,-130,0,1.228,0,29943
1877,22.171,428,1,3.254,1,30802
1878,22.301,475,1,3.168,0,26029
1879,20.45,-201,0,0.834,0,24599
1880,21.397,145,1,2.39,1,24876
1881,22.93,705,1,2.662,1,33422
1882,21.83,303,1,3.113,1,21236
1883,19.603,-510,0,1.532,1,8843
1884,22.949,712,1,2.601,0,30766
1885,22.536,561,1,0.857,1,22124
1886,20.383,-225,0,1.782,0,11664
1887,21.329,120,1,3.113,0,26266
1888,19.039,-716,0,1.915,1,23563
1889,20.32,-248,0,3.69,1,33209
1890,21.156,57,1,1.368,1,38697
1891,21.686,251,1,2.605,0,7836
1892,20.284,-262,0,0.035,1,34578
1893,20.152,-310,0,1.874,1,18190
1894,20.654,-126,0,1.921,0,15417
1895,19.05,-712,0,1.935,1,16435
1896,21.24,88,1,2.677,1,21922
1897,19.178,-665,0,1.753,0,24791
1898,19.946,-385,0,1.927,0,24538
1899,21.211,77,1,1.398,1,23163
1900,22.259,460,1,3.945,1,45794
1901,19.61,-508,0,1.174,1,2276
1902,19.693,-477,0,1.904,0,24937
1903,19.266,-633,0,1.992,1,14761
1904,20.329,-245,0,3.821,1,21764
1905,19.339,-607,0,0.275,1,8819
1906,19.439,-570,0,1.677,1,31405
1907,21.216,79,1,2.244,1,21511
1908,22.213,443,1,2.676,1,35270
1909,19.337,-608,0,1.56,1,44781
1910,21.578,211,1,1.908,0,27146
1911,22.196,437,1,4.598,0,34026
1912,19.711,-471,0,2.121,0,34643
1913,19.722,-467,0,2.116,1,15836
1914,20.181,-299,0,1.831,0,31837
1915,19.491,-551,0,0.363,1,36188
1916,19.646,-495,0,0.039,1,15894
1917,20.641,-131,0,2.423,0,28879
1918,21.909,332,1,3.104,0,19786
1919,19.119,-687,0,0.319,1,24648
1920,19.363,-598,0,2.945,1,17111
1921,22.668,609,1,3.365,1,20971
1922,22.806,660,1,2.73,0,20974
1923,20.493,-185,0,1.646,0,17582
1924,22.825,667,1,2.485,1,22251
1925,22.469,536,1,2.055,0,20046
1926,20.875,-46,0,0.943,0,47195
1927,21.283,103,1,3.059,0,30537
1928,21.509,186,1,2.313,0,29703
1929,21.341,124,1,2.797,0,37758
1930,19.345,-605,0,1.286,1,19887
1931,22.774,648,1,2.496,0,26662
1932,22.053,385,1,3.458,0,19688
1933,22.001,365,1,3.717,1,45226
1934,22.237,452,1,3.022,0,31029
1935,22.785,652,1,3.962,0,18802
1936,21.315,115,1,2.568,0,17405
1937,19.403,-583,0,0.99,1,25898
1938,22.447,528,1,2.411,1,34142
1939,20.941,-21,0,4.111,0,30612
1940,20.089,-333,0,1.647,0,26711
1941,19.39,-588,0,1.432,1,34243
1942,21.136,50,1,4.45,0,16916
1943,19.004,-729,0,0.517,1,15934
1944,21.936,342,1,2.772,1,24468
1945,22.149,420,1,1.948,1,23328
1946,20.314,-250,0,0.785,0,16040
1947,21.753,275,1,2.236,1,31497
1948,19.314,-616,0,1.756,1,38368
1949,22.575,575,1,2.481,1,32483
1950,19.521,-540,0,2.176,1,19844
1951,20.507,-180,0,0.889,0,19193
1952,20.387,-224,0,1.996,0,21031
1953,19.566,-524,0,-0.783,1,31395
1954,19.35,-603,0,2.091,1,29469
1955,20.826,-63,0,1.963,0,34486
1956,20.684,-116,0,1.443,0,22057
1957,19.1,-694,0,1.703,1,29609
1958,19.648,-494,0,2.73,1,27806
1959,20.743,-94,0,2.486,0,27924
1960,19.721,-467,0,2.415,1,33920
1961,20.649,-128,0,1.473,1,13238
1962,22.346,492,1,2.501,0,33837
1963,20.511,-179,0,2.209,1,30353
1964,20.186,-297,0,2.841,1,16658
1965,21.353,129,1,3.477,1,26262
1966,22.607,587,1,3.59,1,11667
1967,22.753,640,1,4.533,1,17846
1968,21.515,188,1,2.981,1,33697
1969,20.028,-355,0,2.873,1,11574
1970,19.659,-490,0,1.772,0,32744
1971,22.137,415,1,2.488,0,22210
1972,20.429,-208,0,2.405,0,13210
1973,22.459,533,1,2.411,1,11866
1974,19.006,-728,0,0.997,1,28093
1975,22.534,560,1,4.576,0,30648
1976,22.056,386,1,2.64,1,13590
1977,19.903,-401,0,0.711,0,29583
1978,19.971,-376,0,1.829,1,20524
1979,22.599,584,1,3.855,1,28501
1980,21.744,272,1,2.167,1,12325
1981,21.351,128,1,2.731,0,30310
1982,22.038,379,1,2.582,1,15620
1983,19.038,-717,0,1.948,1,9193
1984,22.335,488,1,2.579,1,29462
1985,19.551,-529,0,2.781,0,32465
1986,19.287,-626,0,-0.121,0,27494
1987,20.579,-154,0,-0.342,1,8723
1988,22.588,580,1,3.745,1,23245
1989,20.298,-256,0,2.3,1,24578
1990,21.684,250,1,3.406,1,19683
1991,20.743,-94,0,3.288,1,39095
1992,19.195,-659,0,1.261,0,21322
1993,21.735,268,1,1.265,1,38228
1994,19.197,-659,0,0.822,0,33921
1995,22.038,379,1,3.319,0,30044
1996,20.34,-241,0,2.149,1,37003
1997,22.087,397,1,3.462,1,21707
1998,21.26,95,1,1.545,0,22432
1999,21.188,69,1,4.148,0,22696
2000,21.869,317,1,1.897,0,24481
