{
  "01": {
    "state": "AL",
    "any_law_year": 1991,
    "any_law_month": 7,
    "primary_year": 1999,
    "primary_month": 12,
    "raw_effective": "07/18/91",
    "raw_enforcement": "yes; effective 12/09/99 (secondary for rear seat occupants; effective 9/1/19)"
  },
  "02": {
    "state": "AK",
    "any_law_year": 1990,
    "any_law_month": 9,
    "primary_year": 2006,
    "primary_month": 5,
    "raw_effective": "09/12/90",
    "raw_enforcement": "yes; effective 05/01/06"
  },
  "04": {
    "state": "AZ",
    "any_law_year": 1991,
    "any_law_month": 1,
    "primary_year": null,
    "primary_month": null,
    "raw_effective": "01/01/91",
    "raw_enforcement": "no"
  },
  "05": {
    "state": "AR",
    "any_law_year": 1991,
    "any_law_month": 7,
    "primary_year": 2009,
    "primary_month": 6,
    "raw_effective": "07/15/91",
    "raw_enforcement": "yes, effective 06/30/09"
  },
  "06": {
    "state": "CA",
    "any_law_year": 1986,
    "any_law_month": 1,
    "primary_year": 1993,
    "primary_month": 1,
    "raw_effective": "01/01/86",
    "raw_enforcement": "yes; effective 01/01/93"
  },
  "08": {
    "state": "CO",
    "any_law_year": 1987,
    "any_law_month": 7,
    "primary_year": null,
    "primary_month": null,
    "raw_effective": "07/01/87",
    "raw_enforcement": "no"
  },
  "09": {
    "state": "CT",
    "any_law_year": 1986,
    "any_law_month": 1,
    "primary_year": 1986,
    "primary_month": 1,
    "raw_effective": "01/01/86",
    "raw_enforcement": "yes; effective 01/01/86 (secondary for rear seat occupants > 16, effective 10/1/"
  },
  "10": {
    "state": "DE",
    "any_law_year": 1992,
    "any_law_month": 1,
    "primary_year": 2003,
    "primary_month": 6,
    "raw_effective": "01/01/92",
    "raw_enforcement": "yes; effective 06/30/03"
  },
  "11": {
    "state": "DC",
    "any_law_year": 1985,
    "any_law_month": 12,
    "primary_year": 1997,
    "primary_month": 10,
    "raw_effective": "12/12/85",
    "raw_enforcement": "yes; effective 10/01/97"
  },
  "12": {
    "state": "FL",
    "any_law_year": 1986,
    "any_law_month": 7,
    "primary_year": 2009,
    "primary_month": 6,
    "raw_effective": "07/01/86",
    "raw_enforcement": "yes; effective 6/30/09"
  },
  "13": {
    "state": "GA",
    "any_law_year": 1988,
    "any_law_month": 9,
    "primary_year": 1996,
    "primary_month": 7,
    "raw_effective": "09/01/88",
    "raw_enforcement": "yes; effective 07/01/96"
  },
  "15": {
    "state": "HI",
    "any_law_year": 1985,
    "any_law_month": 12,
    "primary_year": 1985,
    "primary_month": 12,
    "raw_effective": "12/16/85",
    "raw_enforcement": "yes; effective 12/16/85"
  },
  "16": {
    "state": "ID",
    "any_law_year": 1986,
    "any_law_month": 7,
    "primary_year": null,
    "primary_month": null,
    "raw_effective": "07/01/86",
    "raw_enforcement": "no"
  },
  "17": {
    "state": "IL",
    "any_law_year": 1988,
    "any_law_month": 1,
    "primary_year": 2003,
    "primary_month": 7,
    "raw_effective": "01/01/88",
    "raw_enforcement": "yes; effective 07/03/03"
  },
  "18": {
    "state": "IN",
    "any_law_year": 1987,
    "any_law_month": 7,
    "primary_year": 1998,
    "primary_month": 7,
    "raw_effective": "07/01/87",
    "raw_enforcement": "yes; effective 07/01/98"
  },
  "19": {
    "state": "IA",
    "any_law_year": 1986,
    "any_law_month": 7,
    "primary_year": 1986,
    "primary_month": 7,
    "raw_effective": "07/01/86",
    "raw_enforcement": "yes; effective 07/01/86"
  },
  "20": {
    "state": "KS",
    "any_law_year": 1986,
    "any_law_month": 7,
    "primary_year": 2010,
    "primary_month": 6,
    "raw_effective": "07/01/86",
    "raw_enforcement": "yes; effective 6/10/10 (secondary for rear seat occupants >18)"
  },
  "21": {
    "state": "KY",
    "any_law_year": 1994,
    "any_law_month": 7,
    "primary_year": 2006,
    "primary_month": 7,
    "raw_effective": "07/15/94",
    "raw_enforcement": "yes; effective 07/20/06"
  },
  "22": {
    "state": "LA",
    "any_law_year": 1986,
    "any_law_month": 7,
    "primary_year": 1995,
    "primary_month": 9,
    "raw_effective": "07/01/86",
    "raw_enforcement": "yes; effective 09/01/95"
  },
  "23": {
    "state": "ME",
    "any_law_year": 1995,
    "any_law_month": 12,
    "primary_year": 2007,
    "primary_month": 9,
    "raw_effective": "12/26/95",
    "raw_enforcement": "yes; effective 09/20/07"
  },
  "24": {
    "state": "MD",
    "any_law_year": 1986,
    "any_law_month": 7,
    "primary_year": 1997,
    "primary_month": 10,
    "raw_effective": "07/01/86",
    "raw_enforcement": "yes; effective 10/01/97 (secondary for rear seat occupants; effective 10/01/13)"
  },
  "25": {
    "state": "MA",
    "any_law_year": 1994,
    "any_law_month": 2,
    "primary_year": null,
    "primary_month": null,
    "raw_effective": "02/01/94",
    "raw_enforcement": "no"
  },
  "26": {
    "state": "MI",
    "any_law_year": 1985,
    "any_law_month": 7,
    "primary_year": 2000,
    "primary_month": 4,
    "raw_effective": "07/01/85",
    "raw_enforcement": "yes; effective 04/01/00"
  },
  "27": {
    "state": "MN",
    "any_law_year": 1986,
    "any_law_month": 8,
    "primary_year": 2009,
    "primary_month": 6,
    "raw_effective": "08/01/86",
    "raw_enforcement": "yes; effective 06/09/09"
  },
  "28": {
    "state": "MS",
    "any_law_year": 1994,
    "any_law_month": 7,
    "primary_year": 2006,
    "primary_month": 5,
    "raw_effective": "07/01/94",
    "raw_enforcement": "yes; effective 05/27/06"
  },
  "29": {
    "state": "MO",
    "any_law_year": 1985,
    "any_law_month": 9,
    "primary_year": null,
    "primary_month": null,
    "raw_effective": "09/28/85",
    "raw_enforcement": "no (yes for children <16)"
  },
  "30": {
    "state": "MT",
    "any_law_year": 1987,
    "any_law_month": 10,
    "primary_year": null,
    "primary_month": null,
    "raw_effective": "10/01/87",
    "raw_enforcement": "no"
  },
  "31": {
    "state": "NE",
    "any_law_year": 1993,
    "any_law_month": 1,
    "primary_year": null,
    "primary_month": null,
    "raw_effective": "01/01/93",
    "raw_enforcement": "no"
  },
  "32": {
    "state": "NV",
    "any_law_year": 1987,
    "any_law_month": 7,
    "primary_year": null,
    "primary_month": null,
    "raw_effective": "07/01/87",
    "raw_enforcement": "no"
  },
  "33": {
    "state": "NH",
    "any_law_year": null,
    "any_law_month": null,
    "primary_year": null,
    "primary_month": null,
    "raw_effective": "n/a",
    "raw_enforcement": "no law"
  },
  "34": {
    "state": "NJ",
    "any_law_year": 1985,
    "any_law_month": 3,
    "primary_year": 2000,
    "primary_month": 5,
    "raw_effective": "03/01/85",
    "raw_enforcement": "yes; effective 05/01/00 (secondary for rear seat occupants; effective 1/20/11)"
  },
  "35": {
    "state": "NM",
    "any_law_year": 1986,
    "any_law_month": 1,
    "primary_year": 1986,
    "primary_month": 1,
    "raw_effective": "01/01/86",
    "raw_enforcement": "yes; effective 01/01/86"
  },
  "36": {
    "state": "NY",
    "any_law_year": 1984,
    "any_law_month": 12,
    "primary_year": 1984,
    "primary_month": 12,
    "raw_effective": "12/01/84",
    "raw_enforcement": "yes; effective 12/01/84"
  },
  "37": {
    "state": "NC",
    "any_law_year": 1985,
    "any_law_month": 10,
    "primary_year": 2006,
    "primary_month": 12,
    "raw_effective": "10/01/85",
    "raw_enforcement": "yes; effective 12/01/06 (secondary for rear seat occupants)"
  },
  "38": {
    "state": "ND",
    "any_law_year": 1994,
    "any_law_month": 7,
    "primary_year": 2023,
    "primary_month": 8,
    "raw_effective": "07/14/94",
    "raw_enforcement": "yes; effective 08/01/2023"
  },
  "39": {
    "state": "OH",
    "any_law_year": 1986,
    "any_law_month": 5,
    "primary_year": null,
    "primary_month": null,
    "raw_effective": "05/06/86",
    "raw_enforcement": "no"
  },
  "40": {
    "state": "OK",
    "any_law_year": 1987,
    "any_law_month": 2,
    "primary_year": 1997,
    "primary_month": 11,
    "raw_effective": "02/01/87",
    "raw_enforcement": "yes; effective 11/01/97"
  },
  "41": {
    "state": "OR",
    "any_law_year": 1990,
    "any_law_month": 12,
    "primary_year": 1990,
    "primary_month": 12,
    "raw_effective": "12/07/90",
    "raw_enforcement": "yes; effective 12/07/90"
  },
  "42": {
    "state": "PA",
    "any_law_year": 1987,
    "any_law_month": 11,
    "primary_year": null,
    "primary_month": null,
    "raw_effective": "11/23/87",
    "raw_enforcement": "no (yes for children <18 years)"
  },
  "44": {
    "state": "RI",
    "any_law_year": 1991,
    "any_law_month": 6,
    "primary_year": 2011,
    "primary_month": 6,
    "raw_effective": "06/18/91",
    "raw_enforcement": "yes; effective 6/30/11"
  },
  "45": {
    "state": "SC",
    "any_law_year": 1989,
    "any_law_month": 7,
    "primary_year": 2005,
    "primary_month": 12,
    "raw_effective": "07/01/89",
    "raw_enforcement": "yes; effective 12/09/05Footnote19"
  },
  "46": {
    "state": "SD",
    "any_law_year": 1995,
    "any_law_month": 1,
    "primary_year": null,
    "primary_month": null,
    "raw_effective": "01/01/95",
    "raw_enforcement": "no"
  },
  "47": {
    "state": "TN",
    "any_law_year": 1986,
    "any_law_month": 4,
    "primary_year": 2004,
    "primary_month": 7,
    "raw_effective": "04/21/86",
    "raw_enforcement": "yes; effective 07/01/04"
  },
  "48": {
    "state": "TX",
    "any_law_year": 1985,
    "any_law_month": 9,
    "primary_year": 1985,
    "primary_month": 9,
    "raw_effective": "09/01/85",
    "raw_enforcement": "yes; effective 09/01/85"
  },
  "49": {
    "state": "UT",
    "any_law_year": 1986,
    "any_law_month": 4,
    "primary_year": 2015,
    "primary_month": 5,
    "raw_effective": "04/28/86",
    "raw_enforcement": "yes;Footnote20effective 05/12/15"
  },
  "50": {
    "state": "VT",
    "any_law_year": 1994,
    "any_law_month": 1,
    "primary_year": null,
    "primary_month": null,
    "raw_effective": "01/01/94",
    "raw_enforcement": "no"
  },
  "51": {
    "state": "VA",
    "any_law_year": 1988,
    "any_law_month": 1,
    "primary_year": null,
    "primary_month": null,
    "raw_effective": "01/01/88",
    "raw_enforcement": "no"
  },
  "53": {
    "state": "WA",
    "any_law_year": 1986,
    "any_law_month": 6,
    "primary_year": 2002,
    "primary_month": 7,
    "raw_effective": "06/11/86",
    "raw_enforcement": "yes; effective 07/01/02"
  },
  "54": {
    "state": "WV",
    "any_law_year": 1993,
    "any_law_month": 9,
    "primary_year": 2013,
    "primary_month": 7,
    "raw_effective": "09/01/93",
    "raw_enforcement": "yes; effective 07/1/2013"
  },
  "55": {
    "state": "WI",
    "any_law_year": 1987,
    "any_law_month": 12,
    "primary_year": 2009,
    "primary_month": 6,
    "raw_effective": "12/01/87",
    "raw_enforcement": "yes; effective 06/30/09"
  },
  "56": {
    "state": "WY",
    "any_law_year": 1989,
    "any_law_month": 6,
    "primary_year": null,
    "primary_month": null,
    "raw_effective": "06/08/89",
    "raw_enforcement": "no"
  }
}