{
  "01": {
    "state": "Alabama",
    "rural_interstate": 70,
    "has_70_plus": true
  },
  "02": {
    "state": "Alaska",
    "rural_interstate": 65,
    "has_70_plus": false
  },
  "04": {
    "state": "Arizona",
    "rural_interstate": 75,
    "has_70_plus": true
  },
  "05": {
    "state": "Arkansas",
    "rural_interstate": 75,
    "has_70_plus": true
  },
  "06": {
    "state": "California",
    "rural_interstate": 70,
    "has_70_plus": true
  },
  "08": {
    "state": "Colorado",
    "rural_interstate": 75,
    "has_70_plus": true
  },
  "09": {
    "state": "Connecticut",
    "rural_interstate": 65,
    "has_70_plus": false
  },
  "10": {
    "state": "Delaware",
    "rural_interstate": 65,
    "has_70_plus": false
  },
  "12": {
    "state": "Florida",
    "rural_interstate": 70,
    "has_70_plus": true
  },
  "13": {
    "state": "Georgia",
    "rural_interstate": 70,
    "has_70_plus": true
  },
  "15": {
    "state": "Hawaii",
    "rural_interstate": 60,
    "has_70_plus": false
  },
  "16": {
    "state": "Idaho",
    "rural_interstate": 75,
    "has_70_plus": true
  },
  "17": {
    "state": "Illinois",
    "rural_interstate": 70,
    "has_70_plus": true
  },
  "18": {
    "state": "Indiana",
    "rural_interstate": 70,
    "has_70_plus": true
  },
  "19": {
    "state": "Iowa",
    "rural_interstate": 70,
    "has_70_plus": true
  },
  "20": {
    "state": "Kansas",
    "rural_interstate": 75,
    "has_70_plus": true
  },
  "21": {
    "state": "Kentucky",
    "rural_interstate": 65,
    "has_70_plus": false
  },
  "22": {
    "state": "Louisiana",
    "rural_interstate": 75,
    "has_70_plus": true
  },
  "23": {
    "state": "Maine",
    "rural_interstate": 75,
    "has_70_plus": true
  },
  "24": {
    "state": "Maryland",
    "rural_interstate": 70,
    "has_70_plus": true
  },
  "25": {
    "state": "Massachusetts",
    "rural_interstate": 65,
    "has_70_plus": false
  },
  "26": {
    "state": "Michigan",
    "rural_interstate": 70,
    "has_70_plus": true
  },
  "27": {
    "state": "Minnesota",
    "rural_interstate": 70,
    "has_70_plus": true
  },
  "28": {
    "state": "Mississippi",
    "rural_interstate": 70,
    "has_70_plus": true
  },
  "29": {
    "state": "Missouri",
    "rural_interstate": 70,
    "has_70_plus": true
  },
  "30": {
    "state": "Montana",
    "rural_interstate": 80,
    "has_70_plus": true
  },
  "31": {
    "state": "Nebraska",
    "rural_interstate": 75,
    "has_70_plus": true
  },
  "32": {
    "state": "Nevada",
    "rural_interstate": 80,
    "has_70_plus": true
  },
  "33": {
    "state": "New Hampshire",
    "rural_interstate": 65,
    "has_70_plus": false
  },
  "34": {
    "state": "New Jersey",
    "rural_interstate": 65,
    "has_70_plus": false
  },
  "35": {
    "state": "New Mexico",
    "rural_interstate": 75,
    "has_70_plus": true
  },
  "36": {
    "state": "New York",
    "rural_interstate": 65,
    "has_70_plus": false
  },
  "37": {
    "state": "North Carolina",
    "rural_interstate": 70,
    "has_70_plus": true
  },
  "38": {
    "state": "North Dakota",
    "rural_interstate": 80,
    "has_70_plus": true
  },
  "39": {
    "state": "Ohio",
    "rural_interstate": 70,
    "has_70_plus": true
  },
  "40": {
    "state": "Oklahoma",
    "rural_interstate": 75,
    "has_70_plus": true
  },
  "41": {
    "state": "Oregon",
    "rural_interstate": 65,
    "has_70_plus": false
  },
  "42": {
    "state": "Pennsylvania",
    "rural_interstate": 70,
    "has_70_plus": true
  },
  "44": {
    "state": "Rhode Island",
    "rural_interstate": 65,
    "has_70_plus": false
  },
  "45": {
    "state": "South Carolina",
    "rural_interstate": 70,
    "has_70_plus": true
  },
  "46": {
    "state": "South Dakota",
    "rural_interstate": 80,
    "has_70_plus": true
  },
  "47": {
    "state": "Tennessee",
    "rural_interstate": 70,
    "has_70_plus": true
  },
  "48": {
    "state": "Texas",
    "rural_interstate": 75,
    "has_70_plus": true
  },
  "49": {
    "state": "Utah",
    "rural_interstate": 75,
    "has_70_plus": true
  },
  "50": {
    "state": "Vermont",
    "rural_interstate": 65,
    "has_70_plus": false
  },
  "51": {
    "state": "Virginia",
    "rural_interstate": 70,
    "has_70_plus": true
  },
  "53": {
    "state": "Washington",
    "rural_interstate": 70,
    "has_70_plus": true
  },
  "54": {
    "state": "West Virginia",
    "rural_interstate": 70,
    "has_70_plus": true
  },
  "55": {
    "state": "Wisconsin",
    "rural_interstate": 70,
    "has_70_plus": true
  },
  "56": {
    "state": "Wyoming",
    "rural_interstate": 75,
    "has_70_plus": true
  }
}